/*!40101 SET @OLD_CHARACTER_SET_CLIENT=@@CHARACTER_SET_CLIENT */;
/*!40101 SET NAMES utf8 */;
/*!50503 SET NAMES utf8mb4 */;
/*!40103 SET @OLD_TIME_ZONE=@@TIME_ZONE */;
/*!40103 SET TIME_ZONE='+00:00' */;
/*!40014 SET @OLD_FOREIGN_KEY_CHECKS=@@FOREIGN_KEY_CHECKS, FOREIGN_KEY_CHECKS=0 */;
/*!40101 SET @OLD_SQL_MODE=@@SQL_MODE, SQL_MODE='NO_AUTO_VALUE_ON_ZERO' */;
/*!40111 SET @OLD_SQL_NOTES=@@SQL_NOTES, SQL_NOTES=0 */;

DROP DATABASE IF EXISTS `s030`;
CREATE DATABASE IF NOT EXISTS `s030` /*!40100 DEFAULT CHARACTER SET utf8mb3 COLLATE utf8mb3_croatian_ci */ /*!80016 DEFAULT ENCRYPTION='N' */;
USE `s030`;

DROP TABLE IF EXISTS `a_collection`;
CREATE TABLE IF NOT EXISTS `a_collection` (
  `id` varchar(255) COLLATE utf8mb3_croatian_ci NOT NULL,
  `create_by` varchar(255) COLLATE utf8mb3_croatian_ci DEFAULT NULL,
  `create_time` datetime(6) DEFAULT NULL,
  `del_flag` int NOT NULL,
  `update_by` varchar(255) COLLATE utf8mb3_croatian_ci DEFAULT NULL,
  `update_time` datetime(6) DEFAULT NULL,
  `image` varchar(255) COLLATE utf8mb3_croatian_ci DEFAULT NULL,
  `spot_id` varchar(255) COLLATE utf8mb3_croatian_ci DEFAULT NULL,
  `spot_name` varchar(255) COLLATE utf8mb3_croatian_ci DEFAULT NULL,
  `time` varchar(255) COLLATE utf8mb3_croatian_ci DEFAULT NULL,
  `user_id` varchar(255) COLLATE utf8mb3_croatian_ci DEFAULT NULL,
  `user_name` varchar(255) COLLATE utf8mb3_croatian_ci DEFAULT NULL,
  PRIMARY KEY (`id`)
) ENGINE=InnoDB DEFAULT CHARSET=utf8mb3 COLLATE=utf8mb3_croatian_ci;

DELETE FROM `a_collection`;
INSERT INTO `a_collection` (`id`, `create_by`, `create_time`, `del_flag`, `update_by`, `update_time`, `image`, `spot_id`, `spot_name`, `time`, `user_id`, `user_name`) VALUES
	('1699593022611787776', 'admin', '2023-09-07 09:18:48.161000', 0, NULL, NULL, 'https://asoa-1305425069.cos.ap-shanghai.myqcloud.com/1698867093916749824.png', '1660560645390733312', '日月谷温泉', '2023-09-07 09:18:48', '1464764315201572864', '管理员'),
	('1699593026898366464', 'admin', '2023-09-07 09:18:49.182000', 0, NULL, NULL, 'https://asoa-1305425069.cos.ap-shanghai.myqcloud.com/1698867092595544064.png', '1660558385797533696', '厦门方特梦幻王国', '2023-09-07 09:18:49', '1464764315201572864', '管理员'),
	('1699593030828429312', 'admin', '2023-09-07 09:18:50.119000', 0, NULL, NULL, 'https://asoa-1305425069.cos.ap-shanghai.myqcloud.com/1698867091375001600.png', '1660159468106813440', '中山路步行街', '2023-09-07 09:18:50', '1464764315201572864', '管理员'),
	('1699593035257614336', 'admin', '2023-09-07 09:18:51.175000', 0, NULL, NULL, 'https://asoa-1305425069.cos.ap-shanghai.myqcloud.com/1698867080327204864.png', '1613456814429573120', '日光岩', '2023-09-07 09:18:51', '1464764315201572864', '管理员'),
	('1699593039401586688', 'admin', '2023-09-07 09:18:52.163000', 0, NULL, NULL, 'https://asoa-1305425069.cos.ap-shanghai.myqcloud.com/1698867091903483904.png', '1660556083296604160', '北辰山', '2023-09-07 09:18:52', '1464764315201572864', '管理员'),
	('1699593043180654592', 'admin', '2023-09-07 09:18:53.065000', 0, NULL, NULL, 'https://asoa-1305425069.cos.ap-shanghai.myqcloud.com/1698867093061111808.png', '1660559616733483008', '五缘湾湿地公园', '2023-09-07 09:18:53', '1464764315201572864', '管理员'),
	('1699593046850670592', 'admin', '2023-09-07 09:18:53.940000', 0, NULL, NULL, 'https://asoa-1305425069.cos.ap-shanghai.myqcloud.com/1698867083393241088.png', '1613456814429573121', '菽庄花园', '2023-09-07 09:18:53', '1464764315201572864', '管理员'),
	('1699593052521369600', 'admin', '2023-09-07 09:18:55.291000', 0, NULL, NULL, 'https://asoa-1305425069.cos.ap-shanghai.myqcloud.com/1698867084538286080.png', '1613456814429573122', '皓月园', '2023-09-07 09:18:55', '1464764315201572864', '管理员'),
	('1699593056426266624', 'admin', '2023-09-07 09:18:56.222000', 0, NULL, NULL, 'https://asoa-1305425069.cos.ap-shanghai.myqcloud.com/1698867085490393088.png', '1613456814429573123', '毓园', '2023-09-07 09:18:56', '1464764315201572864', '管理员'),
	('1699593060230500352', 'admin', '2023-09-07 09:18:57.129000', 0, NULL, NULL, 'https://asoa-1305425069.cos.ap-shanghai.myqcloud.com/1698867086249562112.png', '1613456814429573124', '鼓浪石', '2023-09-07 09:18:57', '1464764315201572864', '管理员'),
	('1699593127834292224', '13600000001', '2023-09-07 09:19:13.247000', 0, NULL, NULL, 'https://asoa-1305425069.cos.ap-shanghai.myqcloud.com/1698867093916749824.png', '1660560645390733312', '日月谷温泉', '2023-09-07 09:19:13', '1464764315201572865', '用户A'),
	('1699593132695490560', '13600000001', '2023-09-07 09:19:14.407000', 0, NULL, NULL, 'https://asoa-1305425069.cos.ap-shanghai.myqcloud.com/1698867092595544064.png', '1660558385797533696', '厦门方特梦幻王国', '2023-09-07 09:19:14', '1464764315201572865', '用户A'),
	('1699593136524890112', '13600000001', '2023-09-07 09:19:15.319000', 0, NULL, NULL, 'https://asoa-1305425069.cos.ap-shanghai.myqcloud.com/1698867091375001600.png', '1660159468106813440', '中山路步行街', '2023-09-07 09:19:15', '1464764315201572865', '用户A'),
	('1699593142128480256', '13600000001', '2023-09-07 09:19:16.655000', 0, NULL, NULL, 'https://asoa-1305425069.cos.ap-shanghai.myqcloud.com/1698867083393241088.png', '1613456814429573121', '菽庄花园', '2023-09-07 09:19:16', '1464764315201572865', '用户A'),
	('1699593146087903232', '13600000001', '2023-09-07 09:19:17.599000', 0, NULL, NULL, 'https://asoa-1305425069.cos.ap-shanghai.myqcloud.com/1698867085490393088.png', '1613456814429573123', '毓园', '2023-09-07 09:19:17', '1464764315201572865', '用户A'),
	('1699593709328404480', '13600000002', '2023-09-07 09:21:31.886000', 0, NULL, NULL, 'https://asoa-1305425069.cos.ap-shanghai.myqcloud.com/1698867086249562112.png', '1613456814429573124', '鼓浪石', '2023-09-07 09:21:31', '1464772465946398721', '用户B'),
	('1699593720833380352', '13600000002', '2023-09-07 09:21:34.629000', 0, NULL, NULL, 'https://asoa-1305425069.cos.ap-shanghai.myqcloud.com/1698867093061111808.png', '1660559616733483008', '五缘湾湿地公园', '2023-09-07 09:21:34', '1464772465946398721', '用户B'),
	('1699593725002518528', '13600000002', '2023-09-07 09:21:35.623000', 0, NULL, NULL, 'https://asoa-1305425069.cos.ap-shanghai.myqcloud.com/1698867091903483904.png', '1660556083296604160', '北辰山', '2023-09-07 09:21:35', '1464772465946398721', '用户B'),
	('1699593729016467456', '13600000002', '2023-09-07 09:21:36.580000', 0, NULL, NULL, 'https://asoa-1305425069.cos.ap-shanghai.myqcloud.com/1698867080327204864.png', '1613456814429573120', '日光岩', '2023-09-07 09:21:36', '1464772465946398721', '用户B'),
	('1699593733122691072', '13600000002', '2023-09-07 09:21:37.560000', 0, NULL, NULL, 'https://asoa-1305425069.cos.ap-shanghai.myqcloud.com/1698867084538286080.png', '1613456814429573122', '皓月园', '2023-09-07 09:21:37', '1464772465946398721', '用户B'),
	('1699593737883226112', '13600000002', '2023-09-07 09:21:38.694000', 0, NULL, NULL, 'https://asoa-1305425069.cos.ap-shanghai.myqcloud.com/1698867092595544064.png', '1660558385797533696', '厦门方特梦幻王国', '2023-09-07 09:21:38', '1464772465946398721', '用户B'),
	('1699593741779734528', '13600000002', '2023-09-07 09:21:39.623000', 0, NULL, NULL, 'https://asoa-1305425069.cos.ap-shanghai.myqcloud.com/1698867093916749824.png', '1660560645390733312', '日月谷温泉', '2023-09-07 09:21:39', '1464772465946398721', '用户B'),
	('1699598284450041856', 'admin', '2023-09-07 09:39:42.682000', 0, NULL, NULL, 'https://asoa-1305425069.cos.ap-shanghai.myqcloud.com/1698867087784677376.png', '1613456814429573126', '郑成功纪念馆', '2023-09-07 09:39:42', '1464764315201572864', '管理员'),
	('1699598289554509824', 'admin', '2023-09-07 09:39:43.898000', 0, NULL, NULL, 'https://asoa-1305425069.cos.ap-shanghai.myqcloud.com/1698867089605005312.png', '1613456814429573131', '白城沙滩', '2023-09-07 09:39:43', '1464764315201572864', '管理员'),
	('1699598446450839552', '13600000003', '2023-09-07 09:40:21.306000', 0, NULL, NULL, 'https://asoa-1305425069.cos.ap-shanghai.myqcloud.com/1698867093061111808.png', '1660559616733483008', '五缘湾湿地公园', '2023-09-07 09:40:21', '1527830053524738048', '用户C'),
	('1699598450187964416', '13600000003', '2023-09-07 09:40:22.196000', 0, NULL, NULL, 'https://asoa-1305425069.cos.ap-shanghai.myqcloud.com/1698867091903483904.png', '1660556083296604160', '北辰山', '2023-09-07 09:40:22', '1527830053524738048', '用户C'),
	('1699598454503903232', '13600000003', '2023-09-07 09:40:23.225000', 0, NULL, NULL, 'https://asoa-1305425069.cos.ap-shanghai.myqcloud.com/1698867080327204864.png', '1613456814429573120', '日光岩', '2023-09-07 09:40:23', '1527830053524738048', '用户C');

DROP TABLE IF EXISTS `a_delicious_food`;
CREATE TABLE IF NOT EXISTS `a_delicious_food` (
  `id` varchar(255) COLLATE utf8mb3_croatian_ci NOT NULL,
  `create_by` varchar(255) COLLATE utf8mb3_croatian_ci DEFAULT NULL,
  `create_time` datetime(6) DEFAULT NULL,
  `del_flag` int NOT NULL,
  `update_by` varchar(255) COLLATE utf8mb3_croatian_ci DEFAULT NULL,
  `update_time` datetime(6) DEFAULT NULL,
  `avg` decimal(38,2) DEFAULT NULL,
  `content` varchar(255) COLLATE utf8mb3_croatian_ci DEFAULT NULL,
  `image` varchar(255) COLLATE utf8mb3_croatian_ci DEFAULT NULL,
  `spot_id` varchar(255) COLLATE utf8mb3_croatian_ci DEFAULT NULL,
  `spot_name` varchar(255) COLLATE utf8mb3_croatian_ci DEFAULT NULL,
  `title` varchar(255) COLLATE utf8mb3_croatian_ci DEFAULT NULL,
  `type` varchar(255) COLLATE utf8mb3_croatian_ci DEFAULT NULL,
  PRIMARY KEY (`id`)
) ENGINE=InnoDB DEFAULT CHARSET=utf8mb3 COLLATE=utf8mb3_croatian_ci;

DELETE FROM `a_delicious_food`;
INSERT INTO `a_delicious_food` (`id`, `create_by`, `create_time`, `del_flag`, `update_by`, `update_time`, `avg`, `content`, `image`, `spot_id`, `spot_name`, `title`, `type`) VALUES
	('1613711335168806912', 'admin', '2023-01-13 09:35:38.000000', 0, 'admin', '2023-05-21 13:32:41.076000', 20.00, '海蛎煎，鸡蛋配上新鲜海蛎的鲜美，加上灵魂的蘸酱，来厦门必吃', 'https://asoa-1305425069.cos.ap-shanghai.myqcloud.com/1698868947727814656.png', '1613456814429573124', '鼓浪石', '海蛎煎', '方便速食'),
	('1622788092530397184', 'admin', '2023-02-07 10:43:25.000000', 0, 'admin', '2023-05-21 13:29:15.162000', 50.00, '姜母鸭，必吃的本地菜，现场热腾腾的，香气扑鼻，没有浓重的姜辣味，只有鸭子浓浓的香', 'https://asoa-1305425069.cos.ap-shanghai.myqcloud.com/1698868951397830656.png', '1613456814429573120', '日光岩', '姜母鸭', '方便速食'),
	('1622788195576057856', 'admin', '2023-02-07 10:43:50.000000', 0, 'admin', '2023-05-21 15:22:00.153000', 20.00, '本地特色，浓汤配沙茶酱，必吃！', 'https://asoa-1305425069.cos.ap-shanghai.myqcloud.com/1698868951397830656.png', '1660159468106813440', '中山路步行街', '沙茶面', '面食'),
	('1660182829008556032', 'admin', '2023-05-21 15:16:45.000000', 0, 'admin', '2023-05-21 15:22:09.882000', 10.00, '夏季清凉结解暑，一杯几块钱', 'https://asoa-1305425069.cos.ap-shanghai.myqcloud.com/1698868952119250944.png', '1613456814429573124', '鼓浪石', '八婆婆烧仙草', '其他'),
	('1660183422552903680', 'admin', '2023-05-21 15:19:07.000000', 0, 'admin', '2023-05-21 15:22:21.323000', 10.00, '鱼丸Q弹鲜美，鱼汤清淡好喝', 'https://asoa-1305425069.cos.ap-shanghai.myqcloud.com/1698868952924557312.png', '1613456814429573124', '鼓浪石', '鱼丸汤', '快餐'),
	('1660188986196496384', 'admin', '2023-05-21 15:41:13.853000', 0, NULL, NULL, 10.00, '勇敢者的咸味果冻海洋，用沙虫制作而成，口感QQ弹弹', 'https://asoa-1305425069.cos.ap-shanghai.myqcloud.com/1698868952924557312.png', '1660159468106813440', '中山路步行街', '土笋冻', '方便速食');

DROP TABLE IF EXISTS `a_department`;
CREATE TABLE IF NOT EXISTS `a_department` (
  `id` varchar(255) NOT NULL,
  `create_by` varchar(255) DEFAULT NULL,
  `create_time` datetime(6) DEFAULT NULL,
  `del_flag` int DEFAULT NULL,
  `update_by` varchar(255) DEFAULT NULL,
  `update_time` datetime(6) DEFAULT NULL,
  `parent_id` varchar(255) DEFAULT NULL,
  `sort_order` decimal(10,2) DEFAULT NULL,
  `status` int DEFAULT NULL,
  `title` varchar(255) DEFAULT NULL,
  `is_parent` bit(1) DEFAULT NULL,
  PRIMARY KEY (`id`)
) ENGINE=InnoDB DEFAULT CHARSET=utf8mb3;

DELETE FROM `a_department`;
INSERT INTO `a_department` (`id`, `create_by`, `create_time`, `del_flag`, `update_by`, `update_time`, `parent_id`, `sort_order`, `status`, `title`, `is_parent`) VALUES
	('1464487288363945985', 'admin', '2022-03-20 09:46:20.000000', 0, 'admin', '2022-03-20 09:46:20.000000', '0', 1.00, 0, '部门A', b'0'),
	('1464487332064399361', 'admin', '2022-03-20 09:46:20.000000', 0, 'admin', '2022-03-20 09:46:20.000000', '0', 2.00, 0, '部门B', b'0'),
	('1464487379074158593', 'admin', '2022-03-20 09:46:20.000000', 0, 'admin', '2022-03-20 09:46:20.000000', '0', 3.00, 0, '部门C', b'0');

DROP TABLE IF EXISTS `a_department_header`;
CREATE TABLE IF NOT EXISTS `a_department_header` (
  `id` varchar(255) NOT NULL,
  `create_by` varchar(255) DEFAULT NULL,
  `create_time` datetime(6) DEFAULT NULL,
  `del_flag` int NOT NULL,
  `update_by` varchar(255) DEFAULT NULL,
  `update_time` datetime(6) DEFAULT NULL,
  `department_id` varchar(255) DEFAULT NULL,
  `type` int DEFAULT NULL,
  `user_id` varchar(255) DEFAULT NULL,
  PRIMARY KEY (`id`)
) ENGINE=InnoDB DEFAULT CHARSET=utf8mb3;

DELETE FROM `a_department_header`;

DROP TABLE IF EXISTS `a_dict`;
CREATE TABLE IF NOT EXISTS `a_dict` (
  `id` varchar(255) NOT NULL,
  `create_by` varchar(255) DEFAULT NULL,
  `create_time` datetime(6) DEFAULT NULL,
  `del_flag` int NOT NULL,
  `update_by` varchar(255) DEFAULT NULL,
  `update_time` datetime(6) DEFAULT NULL,
  `description` varchar(255) DEFAULT NULL,
  `title` varchar(255) DEFAULT NULL,
  `type` varchar(255) DEFAULT NULL,
  `sort_order` decimal(10,2) DEFAULT NULL,
  PRIMARY KEY (`id`)
) ENGINE=InnoDB DEFAULT CHARSET=utf8mb3;

DELETE FROM `a_dict`;
INSERT INTO `a_dict` (`id`, `create_by`, `create_time`, `del_flag`, `update_by`, `update_time`, `description`, `title`, `type`, `sort_order`) VALUES
	('1536612750841745408', 'admin', '2022-06-14 15:33:23.000000', 0, NULL, NULL, '', '学历', 'education', 3.00),
	('1536613395229446144', 'admin', '2022-06-14 15:35:57.000000', 0, NULL, NULL, '', '在职状态', 'occupationStatus', 4.00),
	('1613454220495818752', 'admin', '2023-01-12 16:33:57.000000', 0, NULL, NULL, '', '景点类型状态', 'spot_type_status', 0.00),
	('1613706498196770816', 'admin', '2023-01-13 09:16:25.000000', 0, 'admin', '2023-02-20 13:31:05.000000', '', '酒店早餐类型', 'out_way', 0.00),
	('1613710358453817344', 'admin', '2023-01-13 09:31:45.000000', 0, 'admin', '2023-02-20 13:30:42.000000', '', '餐饮类型', 'food_type', 0.00),
	('1613723471819444224', 'admin', '2023-01-13 10:23:52.000000', 0, NULL, NULL, '', '景点评分', 'spot_star', 0.00),
	('75135930788220928', 'admin', '2022-03-20 09:46:20.000000', 0, 'admin', '2022-03-20 09:46:20.000000', '', '性别', 'sex', 0.00),
	('75388696739713024', 'admin', '2022-03-20 09:46:20.000000', 0, 'admin', '2022-03-20 09:46:20.000000', '', '分权限', 'permission_type', 2.00);

DROP TABLE IF EXISTS `a_dict_data`;
CREATE TABLE IF NOT EXISTS `a_dict_data` (
  `id` varchar(255) NOT NULL,
  `create_by` varchar(255) DEFAULT NULL,
  `create_time` datetime(6) DEFAULT NULL,
  `del_flag` int NOT NULL,
  `update_by` varchar(255) DEFAULT NULL,
  `update_time` datetime(6) DEFAULT NULL,
  `description` varchar(255) DEFAULT NULL,
  `dict_id` varchar(255) DEFAULT NULL,
  `sort_order` decimal(10,2) DEFAULT NULL,
  `status` int DEFAULT NULL,
  `title` varchar(255) DEFAULT NULL,
  `value` varchar(255) DEFAULT NULL,
  PRIMARY KEY (`id`),
  KEY `sort_order` (`sort_order`) USING BTREE
) ENGINE=InnoDB DEFAULT CHARSET=utf8mb3;

DELETE FROM `a_dict_data`;
INSERT INTO `a_dict_data` (`id`, `create_by`, `create_time`, `del_flag`, `update_by`, `update_time`, `description`, `dict_id`, `sort_order`, `status`, `title`, `value`) VALUES
	('1536612796106674176', 'admin', '2022-06-14 15:33:34.000000', 0, NULL, NULL, '', '1536612750841745408', 1.00, 0, '博士', '博士'),
	('1536612834962706432', 'admin', '2022-06-14 15:33:43.000000', 0, NULL, NULL, '', '1536612750841745408', 2.00, 0, '硕士', '硕士'),
	('1536612883465637888', 'admin', '2022-06-14 15:33:55.000000', 0, 'admin', '2022-06-14 15:34:13.000000', '', '1536612750841745408', 3.00, 0, '本科', '本科'),
	('1536612930576060416', 'admin', '2022-06-14 15:34:06.000000', 0, 'admin', '2022-06-14 15:34:11.000000', '', '1536612750841745408', 4.00, 0, '专科', '专科'),
	('1536612993519980544', 'admin', '2022-06-14 15:34:21.000000', 0, '', NULL, '', '1536612750841745408', 5.00, 0, '高中及以下', '高中及以下'),
	('1536613425902391296', 'admin', '2022-06-14 15:36:04.000000', 0, NULL, NULL, '', '1536613395229446144', 1.00, 0, '在职', '在职'),
	('1536613447544999936', 'admin', '2022-06-14 15:36:09.000000', 0, NULL, NULL, '', '1536613395229446144', 2.00, 0, '离职', '离职'),
	('1613706539573579776', 'admin', '2023-01-13 09:16:35.000000', 0, 'admin', '2023-02-20 13:31:15.000000', '', '1613706498196770816', 1.00, 0, '不含早餐', '不含早餐'),
	('1613706561883082752', 'admin', '2023-01-13 09:16:40.000000', 0, 'admin', '2023-02-20 13:31:22.000000', '', '1613706498196770816', 2.00, 0, '一份早餐', '一份早餐'),
	('1613706585350213632', 'admin', '2023-01-13 09:16:46.000000', 0, 'admin', '2023-02-20 13:31:28.000000', '', '1613706498196770816', 3.00, 0, '两份早餐', '两份早餐'),
	('1613706609245163520', 'admin', '2023-01-13 09:16:52.000000', 0, 'admin', '2023-02-20 13:32:48.000000', '', '1613706498196770816', 4.00, 0, '三份早餐', '三份早餐'),
	('1613706652865925120', 'admin', '2023-01-13 09:17:02.000000', 0, 'admin', '2023-02-20 13:32:56.000000', '', '1613706498196770816', 5.00, 0, '自助早餐', '自助早餐'),
	('1613706676962201600', 'admin', '2023-01-13 09:17:08.000000', 0, NULL, NULL, '', '1613706498196770816', 99.00, 0, '其他', '其他'),
	('1613710398782050304', 'admin', '2023-01-13 09:31:55.000000', 0, NULL, NULL, '', '1613710358453817344', 1.00, 0, '快餐', '快餐'),
	('1613710437445144576', 'admin', '2023-01-13 09:32:04.000000', 0, NULL, NULL, '', '1613710358453817344', 2.00, 0, '方便速食', '方便速食'),
	('1613710471301566464', 'admin', '2023-01-13 09:32:12.000000', 0, NULL, NULL, '', '1613710358453817344', 3.00, 0, '面食', '面食'),
	('1613710507771039744', 'admin', '2023-01-13 09:32:21.000000', 0, NULL, NULL, '', '1613710358453817344', 4.00, 0, '烧烤', '烧烤'),
	('1613710534241292288', 'admin', '2023-01-13 09:32:27.000000', 0, NULL, NULL, '', '1613710358453817344', 99.00, 0, '其他', '其他'),
	('1613723506359537664', 'admin', '2023-01-13 10:24:00.000000', 0, NULL, NULL, '', '1613723471819444224', 1.00, 0, '未评分', '0'),
	('1613723536847933440', 'admin', '2023-01-13 10:24:07.000000', 0, NULL, NULL, '', '1613723471819444224', 2.00, 0, '一分', '1'),
	('1613723568443625472', 'admin', '2023-01-13 10:24:15.000000', 0, NULL, NULL, '', '1613723471819444224', 3.00, 0, '二分', '2'),
	('1613723595907928064', 'admin', '2023-01-13 10:24:22.000000', 0, NULL, NULL, '', '1613723471819444224', 4.00, 0, '三分', '3'),
	('1613723622835359744', 'admin', '2023-01-13 10:24:28.000000', 0, NULL, NULL, '', '1613723471819444224', 5.00, 0, '四分', '4'),
	('1613723650928807936', 'admin', '2023-01-13 10:24:35.000000', 0, NULL, NULL, '', '1613723471819444224', 6.00, 0, '五分', '5'),
	('1699598097233088512', 'admin', '2023-09-07 09:38:58.048000', 0, NULL, NULL, '', '1613454220495818752', 1.00, 0, '正常', '正常'),
	('1699598114874331136', 'admin', '2023-09-07 09:39:02.251000', 0, NULL, NULL, '', '1613454220495818752', 2.00, 0, '封存', '封存'),
	('75158227712479232', 'admin', '2022-03-20 09:46:20.000000', 0, 'admin', '2022-03-20 09:46:20.000000', '', '75135930788220928', 0.00, 0, '男', '男'),
	('75159254272577536', 'admin', '2022-03-20 09:46:20.000000', 0, 'admin', '2022-03-20 09:46:20.000000', '', '75135930788220928', 1.00, 0, '女', '女'),
	('75159898425397248', 'admin', '2022-03-20 09:46:20.000000', 0, 'admin', '2022-03-20 09:46:20.000000', '', '75135930788220928', 2.00, -1, '保密', '保密'),
	('75390886501945344', 'admin', '2022-03-20 09:46:20.000000', 0, 'admin', '2022-03-20 09:46:20.000000', '', '75388696739713024', 1.00, 0, '添加操作(add)', 'add'),
	('75390993939042304', 'admin', '2022-03-20 09:46:20.000000', 0, 'admin', '2022-03-20 09:46:20.000000', '', '75388696739713024', 2.00, 0, '编辑操作(edit)', 'edit'),
	('75391067532300288', 'admin', '2022-03-20 09:46:20.000000', 0, 'admin', '2022-03-20 09:46:20.000000', '', '75388696739713024', 3.00, 0, '删除操作(delete)', 'delete'),
	('75391126902673408', 'admin', '2022-03-20 09:46:20.000000', 0, 'admin', '2022-03-20 09:46:20.000000', '', '75388696739713024', 4.00, 0, '清空操作(clear)', 'clear'),
	('75391192883269632', 'admin', '2022-03-20 09:46:20.000000', 0, 'admin', '2022-03-20 09:46:20.000000', '', '75388696739713024', 5.00, 0, '启用操作(enable)', 'enable'),
	('75391251024711680', 'admin', '2022-03-20 09:46:20.000000', 0, 'admin', '2022-03-20 09:46:20.000000', '', '75388696739713024', 6.00, 0, '禁用操作(disable)', 'disable'),
	('75391297124306944', 'admin', '2022-03-20 09:46:20.000000', 0, 'admin', '2022-03-20 09:46:20.000000', '', '75388696739713024', 7.00, 0, '搜索操作(search)', 'search'),
	('75391343379091456', 'admin', '2022-03-20 09:46:20.000000', 0, 'admin', '2022-03-20 09:46:20.000000', '', '75388696739713024', 8.00, 0, '上传文件(upload)', 'upload'),
	('75391407526776832', 'admin', '2022-03-20 09:46:20.000000', 0, 'admin', '2022-03-20 09:46:20.000000', '', '75388696739713024', 9.00, 0, '导出操作(output)', 'output'),
	('75391475042488320', 'admin', '2022-03-20 09:46:20.000000', 0, 'admin', '2022-03-20 09:46:20.000000', '', '75388696739713024', 10.00, 0, '导入操作(input)', 'input');

DROP TABLE IF EXISTS `a_evaluate`;
CREATE TABLE IF NOT EXISTS `a_evaluate` (
  `id` varchar(255) COLLATE utf8mb3_croatian_ci NOT NULL,
  `create_by` varchar(255) COLLATE utf8mb3_croatian_ci DEFAULT NULL,
  `create_time` datetime(6) DEFAULT NULL,
  `del_flag` int NOT NULL,
  `update_by` varchar(255) COLLATE utf8mb3_croatian_ci DEFAULT NULL,
  `update_time` datetime(6) DEFAULT NULL,
  `level` decimal(38,2) DEFAULT NULL,
  `message` varchar(255) COLLATE utf8mb3_croatian_ci DEFAULT NULL,
  `spot_id` varchar(255) COLLATE utf8mb3_croatian_ci DEFAULT NULL,
  `spot_name` varchar(255) COLLATE utf8mb3_croatian_ci DEFAULT NULL,
  `time` varchar(255) COLLATE utf8mb3_croatian_ci DEFAULT NULL,
  `user_id` varchar(255) COLLATE utf8mb3_croatian_ci DEFAULT NULL,
  `user_name` varchar(255) COLLATE utf8mb3_croatian_ci DEFAULT NULL,
  PRIMARY KEY (`id`)
) ENGINE=InnoDB DEFAULT CHARSET=utf8mb3 COLLATE=utf8mb3_croatian_ci;

DELETE FROM `a_evaluate`;
INSERT INTO `a_evaluate` (`id`, `create_by`, `create_time`, `del_flag`, `update_by`, `update_time`, `level`, `message`, `spot_id`, `spot_name`, `time`, `user_id`, `user_name`) VALUES
	('1699592883541250048', 'admin', '2023-09-07 09:18:15.060000', 0, NULL, NULL, 4.00, '666', '1660560645390733312', '日月谷温泉', '2023-09-07 09:18:15', '1464764315201572864', '管理员'),
	('1699592904126894080', 'admin', '2023-09-07 09:18:19.913000', 0, NULL, NULL, 5.00, '666', '1660559616733483008', '五缘湾湿地公园', '2023-09-07 09:18:19', '1464764315201572864', '管理员'),
	('1699592920811835392', 'admin', '2023-09-07 09:18:23.889000', 0, NULL, NULL, 3.00, '666', '1660558385797533696', '厦门方特梦幻王国', '2023-09-07 09:18:23', '1464764315201572864', '管理员'),
	('1699592935730974720', 'admin', '2023-09-07 09:18:27.446000', 0, NULL, NULL, 4.00, '666', '1660556083296604160', '北辰山', '2023-09-07 09:18:27', '1464764315201572864', '管理员'),
	('1699592950524284928', 'admin', '2023-09-07 09:18:30.972000', 0, NULL, NULL, 5.00, '666', '1660159468106813440', '中山路步行街', '2023-09-07 09:18:30', '1464764315201572864', '管理员'),
	('1699592967519604736', 'admin', '2023-09-07 09:18:35.026000', 0, NULL, NULL, 5.00, '666', '1613456814429573120', '日光岩', '2023-09-07 09:18:35', '1464764315201572864', '管理员'),
	('1699592982287749120', 'admin', '2023-09-07 09:18:38.547000', 0, NULL, NULL, 4.00, '666', '1613456814429573121', '菽庄花园', '2023-09-07 09:18:38', '1464764315201572864', '管理员'),
	('1699592999140462592', 'admin', '2023-09-07 09:18:42.564000', 0, NULL, NULL, 5.00, '666', '1613456814429573122', '皓月园', '2023-09-07 09:18:42', '1464764315201572864', '管理员'),
	('1699593018119688192', 'admin', '2023-09-07 09:18:47.090000', 0, NULL, NULL, 4.00, '666', '1613456814429573123', '毓园', '2023-09-07 09:18:47', '1464764315201572864', '管理员'),
	('1699593176739876864', '13600000001', '2023-09-07 09:19:24.907000', 0, NULL, NULL, 4.00, '可以可以', '1660559616733483008', '五缘湾湿地公园', '2023-09-07 09:19:24', '1464764315201572865', '用户A'),
	('1699593197237440512', '13600000001', '2023-09-07 09:19:29.795000', 0, NULL, NULL, 5.00, '可以可以', '1660558385797533696', '厦门方特梦幻王国', '2023-09-07 09:19:29', '1464764315201572865', '用户A'),
	('1699593213037383680', '13600000001', '2023-09-07 09:19:33.561000', 0, NULL, NULL, 5.00, '可以可以', '1660560645390733312', '日月谷温泉', '2023-09-07 09:19:33', '1464764315201572865', '用户A'),
	('1699593230338887680', '13600000001', '2023-09-07 09:19:37.686000', 0, NULL, NULL, 5.00, '可以可以', '1660159468106813440', '中山路步行街', '2023-09-07 09:19:37', '1464764315201572865', '用户A'),
	('1699593251859861504', '13600000001', '2023-09-07 09:19:42.817000', 0, NULL, NULL, 3.00, '可以可以', '1613456814429573122', '皓月园', '2023-09-07 09:19:42', '1464764315201572865', '用户A'),
	('1699593586896670720', '13600000002', '2023-09-07 09:21:02.696000', 0, NULL, NULL, 5.00, '玩的很开心', '1660560645390733312', '日月谷温泉', '2023-09-07 09:21:02', '1464772465946398721', '用户B'),
	('1699593610032451584', '13600000002', '2023-09-07 09:21:08.212000', 0, NULL, NULL, 3.00, '玩的很开心', '1660559616733483008', '五缘湾湿地公园', '2023-09-07 09:21:08', '1464772465946398721', '用户B'),
	('1699593627510116352', '13600000002', '2023-09-07 09:21:12.379000', 0, NULL, NULL, 4.00, '玩的很开心', '1660558385797533696', '厦门方特梦幻王国', '2023-09-07 09:21:12', '1464772465946398721', '用户B'),
	('1699593650939498496', '13600000002', '2023-09-07 09:21:17.965000', 0, NULL, NULL, 5.00, '', '1660556083296604160', '北辰山', '2023-09-07 09:21:17', '1464772465946398721', '用户B'),
	('1699593673009926144', '13600000002', '2023-09-07 09:21:23.227000', 0, NULL, NULL, 4.00, '玩的很开心', '1660159468106813440', '中山路步行街', '2023-09-07 09:21:23', '1464772465946398721', '用户B'),
	('1699593695898243072', '13600000002', '2023-09-07 09:21:28.684000', 0, NULL, NULL, 5.00, '玩的很开心', '1613456814429573120', '日光岩', '2023-09-07 09:21:28', '1464772465946398721', '用户B'),
	('1699598245392683008', 'admin', '2023-09-07 09:39:33.446000', 0, 'admin', '2023-09-07 09:39:37.966000', 3.00, '很好！', '1613456814429573124', '鼓浪石', '2023-09-07 09:39:37', '1464764315201572864', '管理员');

DROP TABLE IF EXISTS `a_file`;
CREATE TABLE IF NOT EXISTS `a_file` (
  `id` varchar(255) NOT NULL,
  `create_by` varchar(255) DEFAULT NULL,
  `create_time` datetime(6) DEFAULT NULL,
  `del_flag` int NOT NULL,
  `update_by` varchar(255) DEFAULT NULL,
  `update_time` datetime(6) DEFAULT NULL,
  `name` varchar(255) DEFAULT NULL,
  `size` bigint unsigned DEFAULT NULL,
  `type` varchar(255) DEFAULT NULL,
  `url` varchar(255) DEFAULT NULL,
  `f_key` varchar(255) DEFAULT NULL,
  `location` int DEFAULT NULL,
  PRIMARY KEY (`id`),
  KEY `create_time` (`create_time`) USING BTREE
) ENGINE=InnoDB DEFAULT CHARSET=utf8mb3;

DELETE FROM `a_file`;
INSERT INTO `a_file` (`id`, `create_by`, `create_time`, `del_flag`, `update_by`, `update_time`, `name`, `size`, `type`, `url`, `f_key`, `location`) VALUES
	('1663718815558668288', 'admin', '2023-05-31 09:27:31.000000', 0, NULL, NULL, '头像V2.png', 169931, 'image/png', 'C:\\\\oa-file/20230531/864d0a82f9b74402a6d0d825eb24d2b9.png', '864d0a82f9b74402a6d0d825eb24d2b9.png', 0),
	('1663726644403245056', 'admin', '2023-05-31 09:58:37.238000', 0, NULL, NULL, '1680233479380_a72b67c28ce9442e5d220d11b0b4fddd.png', 312953, 'image/png', 'C:\\\\oa-file/20230531/cc07dec3cf4a48f3a90fc5f4f59f4573.png', 'cc07dec3cf4a48f3a90fc5f4f59f4573.png', 0),
	('1663726667207675904', 'admin', '2023-05-31 09:58:42.671000', 0, NULL, NULL, 'SQLite封面.png', 65907, 'image/png', 'C:\\\\oa-file/20230531/5b4a665aa08d44928a931dbe07f7950e.png', '5b4a665aa08d44928a931dbe07f7950e.png', 0),
	('1663726703383547904', 'admin', '2023-05-31 09:58:51.295000', 0, NULL, NULL, '封面.png', 1571947, 'image/png', 'C:\\\\oa-file/20230531/600f79aee5e24a25b25abb786c4a64e5.png', '600f79aee5e24a25b25abb786c4a64e5.png', 0),
	('1663727083915972608', 'admin', '2023-05-31 10:00:22.017000', 0, NULL, NULL, '测试PDF.pdf', 369573, 'application/pdf', 'C:\\\\oa-file/20230531/a8ba652e01e44946a01c236533d25e7c.pdf', 'a8ba652e01e44946a01c236533d25e7c.pdf', 0);

DROP TABLE IF EXISTS `a_log`;
CREATE TABLE IF NOT EXISTS `a_log` (
  `id` varchar(255) NOT NULL,
  `create_by` varchar(255) DEFAULT NULL,
  `create_time` datetime(6) DEFAULT NULL,
  `del_flag` int NOT NULL,
  `update_by` varchar(255) DEFAULT NULL,
  `update_time` datetime(6) DEFAULT NULL,
  `cost_time` int unsigned DEFAULT NULL,
  `ip` varchar(255) DEFAULT NULL,
  `ip_info` varchar(255) DEFAULT NULL,
  `name` varchar(255) DEFAULT NULL,
  `request_param` text,
  `request_type` varchar(255) DEFAULT NULL,
  `request_url` varchar(255) DEFAULT NULL,
  `username` varchar(255) DEFAULT NULL,
  `log_type` int DEFAULT NULL,
  `code` varchar(255) DEFAULT NULL,
  `device` varchar(255) DEFAULT NULL,
  PRIMARY KEY (`id`),
  KEY `create_time` (`create_time`) USING BTREE
) ENGINE=InnoDB DEFAULT CHARSET=utf8mb3;

DELETE FROM `a_log`;
INSERT INTO `a_log` (`id`, `create_by`, `create_time`, `del_flag`, `update_by`, `update_time`, `cost_time`, `ip`, `ip_info`, `name`, `request_param`, `request_type`, `request_url`, `username`, `log_type`, `code`, `device`) VALUES
	('1536883393592168448', NULL, '2022-06-15 09:28:50.000000', 0, NULL, '2022-06-15 09:28:50.000000', 287, '127.0.0.1', '本地测试', '登录系统', '{"password":"密码隐藏","code":"8817","saveLogin":"true","captchaId":"ef9e5437ff544c8b91d9810febcb58e7","username":"admin"}', 'POST', '/zwz/login', 'admin', 1, '', 'PC端 | Chrome 101.0.0.0 | Windows Windows 10 or Windows Server 2016'),
	('1536883393592168449', NULL, '2022-06-15 09:28:50.000000', 0, NULL, '2022-06-15 09:28:50.000000', 263, '127.0.0.1', '本地测试', '获取当前登录用户', '{}', 'GET', '/zwz/user/info', 'admin', 2, 'USER-02', 'PC端 | Chrome 101.0.0.0 | Windows Windows 10 or Windows Server 2016'),
	('1536883394787545090', NULL, '2022-06-15 09:28:50.000000', 0, NULL, '2022-06-15 09:28:50.000000', 43, '127.0.0.1', '本地测试', '查询菜单', '{}', 'GET', '/zwz/permission/getMenuList', 'admin', 2, 'PERMISSION-02', 'PC端 | Chrome 101.0.0.0 | Windows Windows 10 or Windows Server 2016'),
	('1536883395219558400', NULL, '2022-06-15 09:28:50.000000', 0, NULL, '2022-06-15 09:28:50.000000', 69, '127.0.0.1', '本地测试', '查询个人门户菜单B', '{}', 'POST', '/zwz/myDoor/getMyDoorList6', 'admin', 2, 'MY-DOOR-02', 'PC端 | Chrome 101.0.0.0 | Windows Windows 10 or Windows Server 2016'),
	('1536883401452294144', NULL, '2022-06-15 09:28:52.000000', 0, NULL, '2022-06-15 09:28:52.000000', 76, '127.0.0.1', '本地测试', '查询日志', '{"logType":"1","pageNumber":"1","endDate":"","pageSize":"15","sort":"createTime","ipInfo":"","startDate":"","key":"","order":"desc"}', 'GET', '/zwz/log/getAllByPage', 'admin', 2, 'LOG-01', 'PC端 | Chrome 101.0.0.0 | Windows Windows 10 or Windows Server 2016'),
	('1536883413934542848', NULL, '2022-06-15 09:28:54.000000', 0, NULL, '2022-06-15 09:28:54.000000', 40, '127.0.0.1', '本地测试', '查询子部门', '{}', 'GET', '/zwz/department/getByParentId', 'admin', 2, 'DEP-01', 'PC端 | Chrome 101.0.0.0 | Windows Windows 10 or Windows Server 2016'),
	('1536883415226388480', NULL, '2022-06-15 09:28:55.000000', 0, NULL, '2022-06-15 09:28:55.000000', 39, '127.0.0.1', '本地测试', '查询全部角色', '{}', 'GET', '/zwz/role/getAllList', 'admin', 2, 'ROLE-01', 'PC端 | Chrome 101.0.0.0 | Windows Windows 10 or Windows Server 2016'),
	('1536883415259942913', NULL, '2022-06-15 09:28:55.000000', 0, NULL, '2022-06-15 09:28:55.000000', 49, '127.0.0.1', '本地测试', '查询单个数据字典的值', '{}', 'GET', '/zwz/dictData/getByType/sex', 'admin', 2, 'DICT_DATA-01', 'PC端 | Chrome 101.0.0.0 | Windows Windows 10 or Windows Server 2016'),
	('1536883415280914432', NULL, '2022-06-15 09:28:55.000000', 0, NULL, '2022-06-15 09:28:55.000000', 94, '127.0.0.1', '本地测试', '查询用户', '{"pageNumber":"1","departmentId":"","nickname":"","pageSize":"20","sort":"createTime","order":"desc"}', 'GET', '/zwz/user/getUserList', 'admin', 2, 'USER-07', 'PC端 | Chrome 101.0.0.0 | Windows Windows 10 or Windows Server 2016'),
	('1536883415444492288', NULL, '2022-06-15 09:28:55.000000', 0, NULL, '2022-06-15 09:28:55.000000', 36, '127.0.0.1', '本地测试', '查询子部门', '{}', 'GET', '/zwz/department/getByParentId', 'admin', 2, 'DEP-01', 'PC端 | Chrome 101.0.0.0 | Windows Windows 10 or Windows Server 2016'),
	('1536883420095975424', NULL, '2022-06-15 09:28:56.000000', 0, NULL, '2022-06-15 09:28:56.000000', 40, '127.0.0.1', '本地测试', '查询子部门', '{}', 'GET', '/zwz/department/getByParentId', 'admin', 2, 'DEP-01', 'PC端 | Chrome 101.0.0.0 | Windows Windows 10 or Windows Server 2016'),
	('1536883420171472896', NULL, '2022-06-15 09:28:56.000000', 0, NULL, '2022-06-15 09:28:56.000000', 58, '127.0.0.1', '本地测试', '查询用户', '{"pageNumber":"1","departmentId":"","pageSize":"10","sort":"createTime","order":"desc"}', 'GET', '/zwz/myUser/getByPage', 'admin', 2, 'USER-01', 'PC端 | Chrome 101.0.0.0 | Windows Windows 10 or Windows Server 2016'),
	('1536883421131968513', NULL, '2022-06-15 09:28:56.000000', 0, NULL, '2022-06-15 09:28:56.000000', 38, '127.0.0.1', '本地测试', '查询子部门', '{}', 'GET', '/zwz/department/getByParentId', 'admin', 2, 'DEP-01', 'PC端 | Chrome 101.0.0.0 | Windows Windows 10 or Windows Server 2016'),
	('1536883423262674944', NULL, '2022-06-15 09:28:57.000000', 0, NULL, '2022-06-15 09:28:57.000000', 50, '127.0.0.1', '本地测试', '查询系统文件', '{"pageNumber":"1","endDate":"","fkey":"","name":"","pageSize":"15","sort":"createTime","type":"","startDate":"","order":"desc"}', 'GET', '/zwz/file/getByCondition', 'admin', 2, 'FILE-01', 'PC端 | Chrome 101.0.0.0 | Windows Windows 10 or Windows Server 2016'),
	('1536883424516771840', NULL, '2022-06-15 09:28:57.000000', 0, NULL, '2022-06-15 09:28:57.000000', 41, '127.0.0.1', '本地测试', '查看单个配置', '{"id":"FILE_HTTP"}', 'GET', '/zwz/setting/getOne', 'admin', 2, 'SETTING-01', 'PC端 | Chrome 101.0.0.0 | Windows Windows 10 or Windows Server 2016'),
	('1536883424516771841', NULL, '2022-06-15 09:28:57.000000', 0, NULL, '2022-06-15 09:28:57.000000', 34, '127.0.0.1', '本地测试', '查看单个配置', '{"id":"FILE_PATH"}', 'GET', '/zwz/setting/getOne', 'admin', 2, 'SETTING-01', 'PC端 | Chrome 101.0.0.0 | Windows Windows 10 or Windows Server 2016'),
	('1536883424516771842', NULL, '2022-06-15 09:28:57.000000', 0, NULL, '2022-06-15 09:28:57.000000', 44, '127.0.0.1', '本地测试', '查看单个配置', '{"id":"FILE_VIEW"}', 'GET', '/zwz/setting/getOne', 'admin', 2, 'SETTING-01', 'PC端 | Chrome 101.0.0.0 | Windows Windows 10 or Windows Server 2016'),
	('1536883426920108032', NULL, '2022-06-15 09:28:58.000000', 0, NULL, '2022-06-15 09:28:58.000000', 55, '127.0.0.1', '本地测试', '查询角色', '{"pageNumber":"1","pageSize":"15","sort":"createTime","order":"desc"}', 'GET', '/zwz/role/getAllByPage', 'admin', 2, 'ROLE-02', 'PC端 | Chrome 101.0.0.0 | Windows Windows 10 or Windows Server 2016'),
	('1536883430367825920', NULL, '2022-06-15 09:28:58.000000', 0, NULL, '2022-06-15 09:28:58.000000', 45, '127.0.0.1', '本地测试', '查询单个数据字典的值', '{}', 'GET', '/zwz/dictData/getByType/permission_type', 'admin', 2, 'DICT_DATA-01', 'PC端 | Chrome 101.0.0.0 | Windows Windows 10 or Windows Server 2016'),
	('1536883433186398208', NULL, '2022-06-15 09:28:59.000000', 0, NULL, '2022-06-15 09:28:59.000000', 43, '127.0.0.1', '本地测试', '查询日志', '{"logType":"1","pageNumber":"1","endDate":"","pageSize":"15","sort":"createTime","ipInfo":"","startDate":"","key":"","order":"desc"}', 'GET', '/zwz/log/getAllByPage', 'admin', 2, 'LOG-01', 'PC端 | Chrome 101.0.0.0 | Windows Windows 10 or Windows Server 2016'),
	('1536883444859146240', NULL, '2022-06-15 09:29:02.000000', 0, NULL, '2022-06-15 09:29:02.000000', 50, '127.0.0.1', '本地测试', '查询所有数据字典', '{}', 'GET', '/zwz/dict/getAll', 'admin', 2, 'DICT-01', 'PC端 | Chrome 101.0.0.0 | Windows Windows 10 or Windows Server 2016'),
	('1536883444947226624', NULL, '2022-06-15 09:29:02.000000', 0, NULL, '2022-06-15 09:29:02.000000', 59, '127.0.0.1', '本地测试', '查询数据字典值', '{"pageNumber":"1","name":"","pageSize":"10","sort":"sortOrder","status":"","order":"asc"}', 'GET', '/zwz/dictData/getByCondition', 'admin', 2, 'DICT_DATA-02', 'PC端 | Chrome 101.0.0.0 | Windows Windows 10 or Windows Server 2016'),
	('1536883446968881152', NULL, '2022-06-15 09:29:02.000000', 0, NULL, '2022-06-15 09:29:02.000000', 43, '127.0.0.1', '本地测试', '查询个人门户菜单B', '{}', 'POST', '/zwz/myDoor/getMyDoorList6', 'admin', 2, 'MY-DOOR-02', 'PC端 | Chrome 101.0.0.0 | Windows Windows 10 or Windows Server 2016'),
	('1536883451238682624', NULL, '2022-06-15 09:29:03.000000', 0, NULL, '2022-06-15 09:29:03.000000', 52, '127.0.0.1', '本地测试', '查询单个数据字典的值', '{}', 'GET', '/zwz/dictData/getByType/sex', 'admin', 2, 'DICT_DATA-01', 'PC端 | Chrome 101.0.0.0 | Windows Windows 10 or Windows Server 2016'),
	('1536883451347734528', NULL, '2022-06-15 09:29:03.000000', 0, NULL, '2022-06-15 09:29:03.000000', 65, '127.0.0.1', '本地测试', '查询学生', '{"pageNumber":"1","pageSize":"15","sort":"createTime","order":"desc"}', 'GET', '/zwz/student/getByPage', 'admin', 3, 'STUDENT-04', 'PC端 | Chrome 101.0.0.0 | Windows Windows 10 or Windows Server 2016'),
	('1536883452538916864', NULL, '2022-06-15 09:29:04.000000', 0, NULL, '2022-06-15 09:29:04.000000', 43, '127.0.0.1', '本地测试', '查询单个数据字典的值', '{}', 'GET', '/zwz/dictData/getByType/education', 'admin', 2, 'DICT_DATA-01', 'PC端 | Chrome 101.0.0.0 | Windows Windows 10 or Windows Server 2016'),
	('1536883453881094144', NULL, '2022-06-15 09:29:04.000000', 0, NULL, '2022-06-15 09:29:04.000000', 48, '127.0.0.1', '本地测试', '查询教师', '{"pageNumber":"1","pageSize":"15","sort":"createTime","order":"desc"}', 'GET', '/zwz/teacher/getByPage', 'admin', 3, 'TEACHER-04', 'PC端 | Chrome 101.0.0.0 | Windows Windows 10 or Windows Server 2016'),
	('1536883466526920704', NULL, '2022-06-15 09:29:07.000000', 0, NULL, '2022-06-15 09:29:07.000000', 42, '127.0.0.1', '本地测试', '查询图表数据', '{}', 'GET', '/zwz/teacher/getAntvVoList', 'admin', 4, 'CHART-01', 'PC端 | Chrome 101.0.0.0 | Windows Windows 10 or Windows Server 2016'),
	('1536883470083690496', NULL, '2022-06-15 09:29:08.000000', 0, NULL, '2022-06-15 09:29:08.000000', 46, '127.0.0.1', '本地测试', '查询个人门户菜单B', '{}', 'POST', '/zwz/myDoor/getMyDoorList6', 'admin', 2, 'MY-DOOR-02', 'PC端 | Chrome 101.0.0.0 | Windows Windows 10 or Windows Server 2016'),
	('1536883482377195520', NULL, '2022-06-15 09:29:11.000000', 0, NULL, '2022-06-15 09:29:11.000000', 41, '127.0.0.1', '本地测试', '查询日志', '{"logType":"1","pageNumber":"1","endDate":"","pageSize":"15","sort":"createTime","ipInfo":"","startDate":"","key":"","order":"desc"}', 'GET', '/zwz/log/getAllByPage', 'admin', 2, 'LOG-01', 'PC端 | Chrome 101.0.0.0 | Windows Windows 10 or Windows Server 2016'),
	('1536883484109443072', NULL, '2022-06-15 09:29:11.000000', 0, NULL, '2022-06-15 09:29:11.000000', 50, '127.0.0.1', '本地测试', '查询日志', '{"logType":"2","pageNumber":"1","endDate":"","pageSize":"15","sort":"createTime","ipInfo":"","startDate":"","key":"","order":"desc"}', 'GET', '/zwz/log/getAllByPage', 'admin', 2, 'LOG-01', 'PC端 | Chrome 101.0.0.0 | Windows Windows 10 or Windows Server 2016'),
	('1536883506003709952', NULL, '2022-06-15 09:29:16.000000', 0, NULL, '2022-06-15 09:29:16.000000', 86, '127.0.0.1', '本地测试', '查询日志', '{"logType":"3","pageNumber":"1","endDate":"","pageSize":"15","sort":"createTime","ipInfo":"","startDate":"","key":"","order":"desc"}', 'GET', '/zwz/log/getAllByPage', 'admin', 2, 'LOG-01', 'PC端 | Chrome 101.0.0.0 | Windows Windows 10 or Windows Server 2016'),
	('1536883509954744320', NULL, '2022-06-15 09:29:17.000000', 0, NULL, '2022-06-15 09:29:17.000000', 38, '127.0.0.1', '本地测试', '查询日志', '{"logType":"4","pageNumber":"1","endDate":"","pageSize":"15","sort":"createTime","ipInfo":"","startDate":"","key":"","order":"desc"}', 'GET', '/zwz/log/getAllByPage', 'admin', 2, 'LOG-01', 'PC端 | Chrome 101.0.0.0 | Windows Windows 10 or Windows Server 2016'),
	('1536883517961670656', NULL, '2022-06-15 09:29:19.000000', 0, NULL, '2022-06-15 09:29:19.000000', 39, '127.0.0.1', '本地测试', '查询日志', '{"logType":"1","pageNumber":"1","endDate":"","pageSize":"15","sort":"createTime","ipInfo":"","startDate":"","key":"","order":"desc"}', 'GET', '/zwz/log/getAllByPage', 'admin', 2, 'LOG-01', 'PC端 | Chrome 101.0.0.0 | Windows Windows 10 or Windows Server 2016'),
	('1658361809163390976', NULL, '2023-05-16 14:40:41.000000', 0, NULL, '2023-05-16 14:40:41.000000', 52, '127.0.0.1', '本地测试', '登录系统', '{"username":"admin","password":"","code":"6572","captchaId":"6720ebc919454634bec3152535dfb2f7","saveLogin":"true"}', 'POST', '/zwz/login', 'admin', 1, '', 'PC端 | Chrome 113.0.0.0 | Windows Windows 10 or Windows Server 2016'),
	('1658361810711089152', NULL, '2023-05-16 14:40:41.000000', 0, NULL, '2023-05-16 14:40:41.000000', 35, '127.0.0.1', '本地测试', '获取当前登录用户', '{}', 'GET', '/zwz/user/info', 'admin', 2, 'USER-02', 'PC端 | Chrome 113.0.0.0 | Windows Windows 10 or Windows Server 2016'),
	('1658361811726110720', NULL, '2023-05-16 14:40:41.000000', 0, NULL, '2023-05-16 14:40:41.000000', 52, '127.0.0.1', '本地测试', '查询菜单', '{}', 'GET', '/zwz/permission/getMenuList', 'admin', 2, 'PERMISSION-02', 'PC端 | Chrome 113.0.0.0 | Windows Windows 10 or Windows Server 2016'),
	('1658361814729232384', NULL, '2023-05-16 14:40:42.000000', 0, NULL, '2023-05-16 14:40:42.000000', 41, '127.0.0.1', '本地测试', '查询菜单', '{}', 'GET', '/zwz/permission/getMenuList', 'admin', 2, 'PERMISSION-02', 'PC端 | Chrome 113.0.0.0 | Windows Windows 10 or Windows Server 2016'),
	('1658361814972502016', NULL, '2023-05-16 14:40:42.000000', 0, NULL, '2023-05-16 14:40:42.000000', 66, '127.0.0.1', '本地测试', '查询个人门户菜单B', '{}', 'POST', '/zwz/myDoor/getMyDoorList6', 'admin', 2, 'MY-DOOR-02', 'PC端 | Chrome 113.0.0.0 | Windows Windows 10 or Windows Server 2016'),
	('1658362015967744000', NULL, '2023-05-16 14:41:30.000000', 0, NULL, '2023-05-16 14:41:30.000000', 56, '127.0.0.1', '本地测试', '登录系统', '{"username":"admin","password":"","code":"1340","captchaId":"c4f6841d7ddd41e591d25b969273f9a1","saveLogin":"true"}', 'POST', '/zwz/login', 'admin', 1, '', 'PC端 | Chrome 113.0.0.0 | Windows Windows 10 or Windows Server 2016'),
	('1658362016018075648', NULL, '2023-05-16 14:41:30.000000', 0, NULL, '2023-05-16 14:41:30.000000', 56, '127.0.0.1', '本地测试', '获取当前登录用户', '{}', 'GET', '/zwz/user/info', 'admin', 2, 'USER-02', 'PC端 | Chrome 113.0.0.0 | Windows Windows 10 or Windows Server 2016'),
	('1658362017679020032', NULL, '2023-05-16 14:41:31.000000', 0, NULL, '2023-05-16 14:41:31.000000', 36, '127.0.0.1', '本地测试', '查询菜单', '{}', 'GET', '/zwz/permission/getMenuList', 'admin', 2, 'PERMISSION-02', 'PC端 | Chrome 113.0.0.0 | Windows Windows 10 or Windows Server 2016'),
	('1658362018035535872', NULL, '2023-05-16 14:41:31.000000', 0, NULL, '2023-05-16 14:41:31.000000', 36, '127.0.0.1', '本地测试', '查询个人门户菜单B', '{}', 'POST', '/zwz/myDoor/getMyDoorList6', 'admin', 2, 'MY-DOOR-02', 'PC端 | Chrome 113.0.0.0 | Windows Windows 10 or Windows Server 2016'),
	('1658362039741059072', NULL, '2023-05-16 14:41:36.000000', 0, NULL, '2023-05-16 14:41:36.000000', 73, '127.0.0.1', '本地测试', '查询菜单', '{}', 'GET', '/zwz/permission/getMenuList', 'admin', 2, 'PERMISSION-02', 'PC端 | Chrome 113.0.0.0 | Windows Windows 10 or Windows Server 2016'),
	('1658362040869326848', NULL, '2023-05-16 14:41:36.000000', 0, NULL, '2023-05-16 14:41:36.000000', 51, '127.0.0.1', '本地测试', '查询个人门户菜单B', '{}', 'POST', '/zwz/myDoor/getMyDoorList6', 'admin', 2, 'MY-DOOR-02', 'PC端 | Chrome 113.0.0.0 | Windows Windows 10 or Windows Server 2016'),
	('1658362178484441088', NULL, '2023-05-16 14:42:09.000000', 0, NULL, '2023-05-16 14:42:09.000000', 70, '127.0.0.1', '本地测试', '登录系统', '{"username":"admin","password":"","code":"3716","captchaId":"81e7abf60b5e463aabee86b57f6ab460","saveLogin":"true"}', 'POST', '/zwz/login', 'admin', 1, '', 'PC端 | Chrome 113.0.0.0 | Windows Windows 10 or Windows Server 2016'),
	('1658362179835006976', NULL, '2023-05-16 14:42:09.000000', 0, NULL, '2023-05-16 14:42:09.000000', 34, '127.0.0.1', '本地测试', '获取当前登录用户', '{}', 'GET', '/zwz/user/info', 'admin', 2, 'USER-02', 'PC端 | Chrome 113.0.0.0 | Windows Windows 10 or Windows Server 2016'),
	('1658362180946497536', NULL, '2023-05-16 14:42:10.000000', 0, NULL, '2023-05-16 14:42:10.000000', 32, '127.0.0.1', '本地测试', '查询菜单', '{}', 'GET', '/zwz/permission/getMenuList', 'admin', 2, 'PERMISSION-02', 'PC端 | Chrome 113.0.0.0 | Windows Windows 10 or Windows Server 2016'),
	('1658362181504339968', NULL, '2023-05-16 14:42:10.000000', 0, NULL, '2023-05-16 14:42:10.000000', 75, '127.0.0.1', '本地测试', '查询个人门户菜单B', '{}', 'POST', '/zwz/myDoor/getMyDoorList6', 'admin', 2, 'MY-DOOR-02', 'PC端 | Chrome 113.0.0.0 | Windows Windows 10 or Windows Server 2016'),
	('1658362440305479680', NULL, '2023-05-16 14:43:11.000000', 0, NULL, '2023-05-16 14:43:11.000000', 95, '127.0.0.1', '本地测试', '登录系统', '{"username":"admin","password":"","code":"5161","captchaId":"2fccb8aec95a48199bdd35365270b793","saveLogin":"true"}', 'POST', '/zwz/login', 'admin', 1, '', 'PC端 | Chrome 113.0.0.0 | Windows Windows 10 or Windows Server 2016'),
	('1658362440364199936', NULL, '2023-05-16 14:43:11.000000', 0, NULL, '2023-05-16 14:43:11.000000', 91, '127.0.0.1', '本地测试', '获取当前登录用户', '{}', 'GET', '/zwz/user/info', 'admin', 2, 'USER-02', 'PC端 | Chrome 113.0.0.0 | Windows Windows 10 or Windows Server 2016'),
	('1658362442188722185', NULL, '2023-05-16 14:43:12.000000', 0, NULL, '2023-05-16 14:43:12.000000', 49, '127.0.0.1', '本地测试', '查询个人门户菜单B', '{}', 'POST', '/zwz/myDoor/getMyDoorList6', 'admin', 2, 'MY-DOOR-02', 'PC端 | Chrome 113.0.0.0 | Windows Windows 10 or Windows Server 2016'),
	('1658362442406825984', NULL, '2023-05-16 14:43:12.000000', 0, NULL, '2023-05-16 14:43:12.000000', 97, '127.0.0.1', '本地测试', '查询菜单', '{}', 'GET', '/zwz/permission/getMenuList', 'admin', 2, 'PERMISSION-02', 'PC端 | Chrome 113.0.0.0 | Windows Windows 10 or Windows Server 2016'),
	('1658362452213108736', NULL, '2023-05-16 14:43:14.000000', 0, NULL, '2023-05-16 14:43:14.000000', 51, '127.0.0.1', '本地测试', '查询单个数据字典的值', '{}', 'GET', '/zwz/dictData/getByType/permission_type', 'admin', 2, 'DICT_DATA-01', 'PC端 | Chrome 113.0.0.0 | Windows Windows 10 or Windows Server 2016'),
	('1658362452355715072', NULL, '2023-05-16 14:43:14.000000', 0, NULL, '2023-05-16 14:43:14.000000', 72, '127.0.0.1', '本地测试', '查询全部菜单', '{}', 'GET', '/zwz/permission/getAllList', 'admin', 2, 'PERMISSION-04', 'PC端 | Chrome 113.0.0.0 | Windows Windows 10 or Windows Server 2016'),
	('1658362463428677632', NULL, '2023-05-16 14:43:17.000000', 0, NULL, '2023-05-16 14:43:17.000000', 93, '127.0.0.1', '本地测试', '查询角色', '{"pageNumber":"1","pageSize":"15","sort":"createTime","order":"desc"}', 'GET', '/zwz/role/getAllByPage', 'admin', 2, 'ROLE-02', 'PC端 | Chrome 113.0.0.0 | Windows Windows 10 or Windows Server 2016'),
	('1658362494080651264', NULL, '2023-05-16 14:43:24.000000', 0, NULL, '2023-05-16 14:43:24.000000', 100, '127.0.0.1', '本地测试', '修改菜单权限', '{"roleId":"1536606659751841799","permIds":"125909152017944576,1464484663442673664,5129710648430594,56309618086776832,1530689602321518592,1535166438371889152,5129710648430593,40238597734928384,5129710648430595,41363147411427328,1536599942410407936,1536600125332393984,1536600268379131904,1536604417711804416,1536606273959759872,1536606372668510208,1536606464712511488,1536606550951596032,1536606637815631872,1536875505901506560"}', 'POST', '/zwz/role/editRolePerm', 'admin', 2, 'ROLE-04', 'PC端 | Chrome 113.0.0.0 | Windows Windows 10 or Windows Server 2016'),
	('1658362495276027904', NULL, '2023-05-16 14:43:24.000000', 0, NULL, '2023-05-16 14:43:24.000000', 65, '127.0.0.1', '本地测试', '查询菜单', '{}', 'GET', '/zwz/permission/getMenuList', 'admin', 2, 'PERMISSION-02', 'PC端 | Chrome 113.0.0.0 | Windows Windows 10 or Windows Server 2016'),
	('1658362495976476673', NULL, '2023-05-16 14:43:25.000000', 0, NULL, '2023-05-16 14:43:25.000000', 54, '127.0.0.1', '本地测试', '查询角色', '{"pageNumber":"1","pageSize":"15","sort":"createTime","order":"desc"}', 'GET', '/zwz/role/getAllByPage', 'admin', 2, 'ROLE-02', 'PC端 | Chrome 113.0.0.0 | Windows Windows 10 or Windows Server 2016'),
	('1658362497784221696', NULL, '2023-05-16 14:43:25.000000', 0, NULL, '2023-05-16 14:43:25.000000', 43, '127.0.0.1', '本地测试', '查询单个数据字典的值', '{}', 'GET', '/zwz/dictData/getByType/permission_type', 'admin', 2, 'DICT_DATA-01', 'PC端 | Chrome 113.0.0.0 | Windows Windows 10 or Windows Server 2016'),
	('1658362514016178176', NULL, '2023-05-16 14:43:29.000000', 0, NULL, '2023-05-16 14:43:29.000000', 52, '127.0.0.1', '本地测试', '删除菜单', '{"ids":"1464485105081913345,1464485485316542465,5129710648430592,1530689520276738048,39915540965232640,1535166254703316992"}', 'POST', '/zwz/permission/delByIds', 'admin', 2, 'PERMISSION-05', 'PC端 | Chrome 113.0.0.0 | Windows Windows 10 or Windows Server 2016'),
	('1658362515098308608', NULL, '2023-05-16 14:43:29.000000', 0, NULL, '2023-05-16 14:43:29.000000', 54, '127.0.0.1', '本地测试', '查询菜单', '{}', 'GET', '/zwz/permission/getMenuList', 'admin', 2, 'PERMISSION-02', 'PC端 | Chrome 113.0.0.0 | Windows Windows 10 or Windows Server 2016'),
	('1658362515542904832', NULL, '2023-05-16 14:43:29.000000', 0, NULL, '2023-05-16 14:43:29.000000', 43, '127.0.0.1', '本地测试', '查询单个数据字典的值', '{}', 'GET', '/zwz/dictData/getByType/permission_type', 'admin', 2, 'DICT_DATA-01', 'PC端 | Chrome 113.0.0.0 | Windows Windows 10 or Windows Server 2016'),
	('1658362515706482688', NULL, '2023-05-16 14:43:29.000000', 0, NULL, '2023-05-16 14:43:29.000000', 78, '127.0.0.1', '本地测试', '查询全部菜单', '{}', 'GET', '/zwz/permission/getAllList', 'admin', 2, 'PERMISSION-04', 'PC端 | Chrome 113.0.0.0 | Windows Windows 10 or Windows Server 2016'),
	('1658362741615890432', NULL, '2023-05-16 14:44:23.000000', 0, NULL, '2023-05-16 14:44:23.000000', 81, '127.0.0.1', '本地测试', '登录系统', '{"username":"admin","password":"","code":"1583","captchaId":"bc3842429d094429954a58abaade13ff","saveLogin":"true"}', 'POST', '/zwz/login', 'admin', 1, '', 'PC端 | Chrome 113.0.0.0 | Windows Windows 10 or Windows Server 2016'),
	('1658362742261813248', NULL, '2023-05-16 14:44:23.000000', 0, NULL, '2023-05-16 14:44:23.000000', 43, '127.0.0.1', '本地测试', '获取当前登录用户', '{}', 'GET', '/zwz/user/info', 'admin', 2, 'USER-02', 'PC端 | Chrome 113.0.0.0 | Windows Windows 10 or Windows Server 2016'),
	('1658362743050342400', NULL, '2023-05-16 14:44:24.000000', 0, NULL, '2023-05-16 14:44:24.000000', 58, '127.0.0.1', '本地测试', '查询菜单', '{}', 'GET', '/zwz/permission/getMenuList', 'admin', 2, 'PERMISSION-02', 'PC端 | Chrome 113.0.0.0 | Windows Windows 10 or Windows Server 2016'),
	('1658362747857014784', NULL, '2023-05-16 14:44:25.000000', 0, NULL, '2023-05-16 14:44:25.000000', 45, '127.0.0.1', '本地测试', '查询菜单', '{}', 'GET', '/zwz/permission/getMenuList', 'admin', 2, 'PERMISSION-02', 'PC端 | Chrome 113.0.0.0 | Windows Windows 10 or Windows Server 2016'),
	('1658362748788150272', NULL, '2023-05-16 14:44:25.000000', 0, NULL, '2023-05-16 14:44:25.000000', 50, '127.0.0.1', '本地测试', '查询个人门户菜单B', '{}', 'POST', '/zwz/myDoor/getMyDoorList6', 'admin', 2, 'MY-DOOR-02', 'PC端 | Chrome 113.0.0.0 | Windows Windows 10 or Windows Server 2016'),
	('1658362760645447680', NULL, '2023-05-16 14:44:28.000000', 0, NULL, '2023-05-16 14:44:28.000000', 43, '127.0.0.1', '本地测试', '查询全部角色', '{}', 'GET', '/zwz/role/getAllList', 'admin', 2, 'ROLE-01', 'PC端 | Chrome 113.0.0.0 | Windows Windows 10 or Windows Server 2016'),
	('1658362760653836288', NULL, '2023-05-16 14:44:28.000000', 0, NULL, '2023-05-16 14:44:28.000000', 77, '127.0.0.1', '本地测试', '查询单个数据字典的值', '{}', 'GET', '/zwz/dictData/getByType/sex', 'admin', 2, 'DICT_DATA-01', 'PC端 | Chrome 113.0.0.0 | Windows Windows 10 or Windows Server 2016'),
	('1658362760733528064', NULL, '2023-05-16 14:44:28.000000', 0, NULL, '2023-05-16 14:44:28.000000', 98, '127.0.0.1', '本地测试', '查询用户', '{"nickname":"","departmentId":"","pageNumber":"1","pageSize":"20","sort":"createTime","order":"desc"}', 'GET', '/zwz/user/getUserList', 'admin', 2, 'USER-07', 'PC端 | Chrome 113.0.0.0 | Windows Windows 10 or Windows Server 2016'),
	('1658362760750305280', NULL, '2023-05-16 14:44:28.000000', 0, NULL, '2023-05-16 14:44:28.000000', 98, '127.0.0.1', '本地测试', '查询子部门', '{}', 'GET', '/zwz/department/getByParentId', 'admin', 2, 'DEP-01', 'PC端 | Chrome 113.0.0.0 | Windows Windows 10 or Windows Server 2016'),
	('1658362762482552832', NULL, '2023-05-16 14:44:28.000000', 0, NULL, '2023-05-16 14:44:28.000000', 56, '127.0.0.1', '本地测试', '查询子部门', '{}', 'GET', '/zwz/department/getByParentId', 'admin', 2, 'DEP-01', 'PC端 | Chrome 113.0.0.0 | Windows Windows 10 or Windows Server 2016'),
	('1658362764198023168', NULL, '2023-05-16 14:44:29.000000', 0, NULL, '2023-05-16 14:44:29.000000', 48, '127.0.0.1', '本地测试', '查询子部门', '{}', 'GET', '/zwz/department/getByParentId', 'admin', 2, 'DEP-01', 'PC端 | Chrome 113.0.0.0 | Windows Windows 10 or Windows Server 2016'),
	('1658362765515034624', NULL, '2023-05-16 14:44:29.000000', 0, NULL, '2023-05-16 14:44:29.000000', 51, '127.0.0.1', '本地测试', '查询用户', '{"pageNumber":"1","pageSize":"10","sort":"createTime","order":"desc","departmentId":""}', 'GET', '/zwz/myUser/getByPage', 'admin', 2, 'USER-01', 'PC端 | Chrome 113.0.0.0 | Windows Windows 10 or Windows Server 2016'),
	('1658362765724749827', NULL, '2023-05-16 14:44:29.000000', 0, NULL, '2023-05-16 14:44:29.000000', 44, '127.0.0.1', '本地测试', '查询子部门', '{}', 'GET', '/zwz/department/getByParentId', 'admin', 2, 'DEP-01', 'PC端 | Chrome 113.0.0.0 | Windows Windows 10 or Windows Server 2016'),
	('1658362767855456256', NULL, '2023-05-16 14:44:29.000000', 0, NULL, '2023-05-16 14:44:29.000000', 49, '127.0.0.1', '本地测试', '查询系统文件', '{"name":"","fkey":"","type":"","pageNumber":"1","pageSize":"15","sort":"createTime","order":"desc","startDate":"","endDate":""}', 'GET', '/zwz/file/getByCondition', 'admin', 2, 'FILE-01', 'PC端 | Chrome 113.0.0.0 | Windows Windows 10 or Windows Server 2016'),
	('1658362768522350592', NULL, '2023-05-16 14:44:30.000000', 0, NULL, '2023-05-16 14:44:30.000000', 36, '127.0.0.1', '本地测试', '查看单个配置', '{"id":"FILE_PATH"}', 'GET', '/zwz/setting/getOne', 'admin', 2, 'SETTING-01', 'PC端 | Chrome 113.0.0.0 | Windows Windows 10 or Windows Server 2016'),
	('1658362769134718976', NULL, '2023-05-16 14:44:30.000000', 0, NULL, '2023-05-16 14:44:30.000000', 36, '127.0.0.1', '本地测试', '查看单个配置', '{"id":"FILE_VIEW"}', 'GET', '/zwz/setting/getOne', 'admin', 2, 'SETTING-01', 'PC端 | Chrome 113.0.0.0 | Windows Windows 10 or Windows Server 2016'),
	('1658362769134718977', NULL, '2023-05-16 14:44:30.000000', 0, NULL, '2023-05-16 14:44:30.000000', 38, '127.0.0.1', '本地测试', '查看单个配置', '{"id":"FILE_HTTP"}', 'GET', '/zwz/setting/getOne', 'admin', 2, 'SETTING-01', 'PC端 | Chrome 113.0.0.0 | Windows Windows 10 or Windows Server 2016'),
	('1658362769843556352', NULL, '2023-05-16 14:44:30.000000', 0, NULL, '2023-05-16 14:44:30.000000', 48, '127.0.0.1', '本地测试', '查询角色', '{"pageNumber":"1","pageSize":"15","sort":"createTime","order":"desc"}', 'GET', '/zwz/role/getAllByPage', 'admin', 2, 'ROLE-02', 'PC端 | Chrome 113.0.0.0 | Windows Windows 10 or Windows Server 2016'),
	('1658362771160567808', NULL, '2023-05-16 14:44:30.000000', 0, NULL, '2023-05-16 14:44:30.000000', 57, '127.0.0.1', '本地测试', '查询全部菜单', '{}', 'GET', '/zwz/permission/getAllList', 'admin', 2, 'PERMISSION-04', 'PC端 | Chrome 113.0.0.0 | Windows Windows 10 or Windows Server 2016'),
	('1658362774184660992', NULL, '2023-05-16 14:44:31.000000', 0, NULL, '2023-05-16 14:44:31.000000', 47, '127.0.0.1', '本地测试', '查询单个数据字典的值', '{}', 'GET', '/zwz/dictData/getByType/permission_type', 'admin', 2, 'DICT_DATA-01', 'PC端 | Chrome 113.0.0.0 | Windows Windows 10 or Windows Server 2016'),
	('1658362776529276928', NULL, '2023-05-16 14:44:32.000000', 0, NULL, '2023-05-16 14:44:32.000000', 49, '127.0.0.1', '本地测试', '查询日志', '{"logType":"1","pageNumber":"1","pageSize":"15","startDate":"","endDate":"","sort":"createTime","order":"desc","ipInfo":"","key":""}', 'GET', '/zwz/log/getAllByPage', 'admin', 2, 'LOG-01', 'PC端 | Chrome 113.0.0.0 | Windows Windows 10 or Windows Server 2016'),
	('1658362780228653056', NULL, '2023-05-16 14:44:32.000000', 0, NULL, '2023-05-16 14:44:32.000000', 41, '127.0.0.1', '本地测试', '查询所有数据字典', '{}', 'GET', '/zwz/dict/getAll', 'admin', 2, 'DICT-01', 'PC端 | Chrome 113.0.0.0 | Windows Windows 10 or Windows Server 2016'),
	('1658362780908130304', NULL, '2023-05-16 14:44:33.000000', 0, NULL, '2023-05-16 14:44:33.000000', 52, '127.0.0.1', '本地测试', '查询数据字典值', '{"name":"","status":"","pageNumber":"1","pageSize":"10","sort":"sortOrder","order":"asc"}', 'GET', '/zwz/dictData/getByCondition', 'admin', 2, 'DICT_DATA-02', 'PC端 | Chrome 113.0.0.0 | Windows Windows 10 or Windows Server 2016'),
	('1663718016401149952', NULL, '2023-05-31 09:24:21.000000', 0, NULL, '2023-05-31 09:24:21.000000', 420, '127.0.0.1', '本地测试', '登录系统', '{"username":"admin","password":"","code":"0124","captchaId":"a8002015ab6d42fbb9e2968b704beabf","saveLogin":"true"}', 'POST', '/zwz/login', '管理员', 1, '', 'PC端 | Chrome 113.0.0.0 | Windows Windows 10 or Windows Server 2016'),
	('1663718016598282240', NULL, '2023-05-31 09:24:21.000000', 0, NULL, '2023-05-31 09:24:21.000000', 240, '127.0.0.1', '本地测试', '获取当前登录用户', '{}', 'GET', '/zwz/user/info', '管理员', 2, 'USER-02', 'PC端 | Chrome 113.0.0.0 | Windows Windows 10 or Windows Server 2016'),
	('1663718018741571584', NULL, '2023-05-31 09:24:21.000000', 0, NULL, '2023-05-31 09:24:21.000000', 148, '127.0.0.1', '本地测试', '查询菜单', '{}', 'GET', '/zwz/permission/getMenuList', '管理员', 2, 'PERMISSION-02', 'PC端 | Chrome 113.0.0.0 | Windows Windows 10 or Windows Server 2016'),
	('1663718018997424128', NULL, '2023-05-31 09:24:21.000000', 0, NULL, '2023-05-31 09:24:21.000000', 51, '127.0.0.1', '本地测试', '查询个人门户菜单B', '{}', 'POST', '/zwz/myDoor/getMyDoorList6', '管理员', 2, 'MY-DOOR-02', 'PC端 | Chrome 113.0.0.0 | Windows Windows 10 or Windows Server 2016'),
	('1663718031622279168', NULL, '2023-05-31 09:24:24.000000', 0, NULL, '2023-05-31 09:24:24.000000', 27, '127.0.0.1', '本地测试', '查询全部角色', '{}', 'GET', '/zwz/role/getAllList', '管理员', 2, 'ROLE-01', 'PC端 | Chrome 113.0.0.0 | Windows Windows 10 or Windows Server 2016'),
	('1663718031706165248', NULL, '2023-05-31 09:24:24.000000', 0, NULL, '2023-05-31 09:24:24.000000', 44, '127.0.0.1', '本地测试', '查询单个数据字典的值', '{}', 'GET', '/zwz/dictData/getByType/sex', '管理员', 2, 'DICT_DATA-01', 'PC端 | Chrome 113.0.0.0 | Windows Windows 10 or Windows Server 2016'),
	('1663718031840382976', NULL, '2023-05-31 09:24:24.000000', 0, NULL, '2023-05-31 09:24:24.000000', 76, '127.0.0.1', '本地测试', '查询子部门', '{}', 'GET', '/zwz/department/getByParentId', '管理员', 2, 'DEP-01', 'PC端 | Chrome 113.0.0.0 | Windows Windows 10 or Windows Server 2016'),
	('1663718032024932352', NULL, '2023-05-31 09:24:24.000000', 0, NULL, '2023-05-31 09:24:24.000000', 98, '127.0.0.1', '本地测试', '查询用户', '{"nickname":"","departmentId":"","pageNumber":"1","pageSize":"20","sort":"createTime","order":"desc"}', 'GET', '/zwz/user/getUserList', '管理员', 2, 'USER-07', 'PC端 | Chrome 113.0.0.0 | Windows Windows 10 or Windows Server 2016'),
	('1663718033300000768', NULL, '2023-05-31 09:24:24.000000', 0, NULL, '2023-05-31 09:24:24.000000', 34, '127.0.0.1', '本地测试', '查询子部门', '{}', 'GET', '/zwz/department/getByParentId', '管理员', 2, 'DEP-01', 'PC端 | Chrome 113.0.0.0 | Windows Windows 10 or Windows Server 2016'),
	('1663718797590269956', NULL, '2023-05-31 09:27:26.000000', 0, NULL, '2023-05-31 09:27:26.000000', 78, '127.0.0.1', '本地测试', '查询单个数据字典的值', '{}', 'GET', '/zwz/dictData/getByType/sex', '管理员', 2, 'DICT_DATA-01', 'PC端 | Chrome 113.0.0.0 | Windows Windows 10 or Windows Server 2016'),
	('1663718815743217664', NULL, '2023-05-31 09:27:31.000000', 0, NULL, '2023-05-31 09:27:31.000000', 377, '127.0.0.1', '本地测试', '文件上传', '{}', 'POST', '/zwz/upload/file', '管理员', 2, 'FILE-06', 'PC端 | Chrome 113.0.0.0 | Windows Windows 10 or Windows Server 2016'),
	('1663718833329934337', NULL, '2023-05-31 09:27:35.000000', 0, NULL, '2023-05-31 09:27:35.000000', 35, '127.0.0.1', '本地测试', '修改用户资料', '{"id":"1464764315201572864","updateBy":"admin","updateTime":"2022-05-18 14:41:08","createBy":"","createTime":"2022-03-20 09:46:20","delFlag":"0","nickname":"管理员","username":"admin","password":"","passStrength":"弱","mobile":"17857054388","departmentId":"1464487288363945985","departmentTitle":"部门A","email":"916077357@qq.com","sex":"男","address":"[\\"330000\\",\\"330600\\",\\"330602\\"]","type":"1","myDoor":"user-adminZWZ666department-admin","status":"0","avatar":"http://127.0.0.1:8080/zwz/file/view/1663718815558668288","defaultRole":"","addressArray":"330000,330600,330602","typeTxt":"管理员"}', 'POST', '/zwz/user/edit', '管理员', 2, 'USER-05', 'PC端 | Chrome 113.0.0.0 | Windows Windows 10 or Windows Server 2016'),
	('1663718837671038976', NULL, '2023-05-31 09:27:36.000000', 0, NULL, '2023-05-31 09:27:36.000000', 31, '127.0.0.1', '本地测试', '查询菜单', '{}', 'GET', '/zwz/permission/getMenuList', '管理员', 2, 'PERMISSION-02', 'PC端 | Chrome 113.0.0.0 | Windows Windows 10 or Windows Server 2016'),
	('1663718838065303552', NULL, '2023-05-31 09:27:36.000000', 0, NULL, '2023-05-31 09:27:36.000000', 17, '127.0.0.1', '本地测试', '查询单个数据字典的值', '{}', 'GET', '/zwz/dictData/getByType/sex', '管理员', 2, 'DICT_DATA-01', 'PC端 | Chrome 113.0.0.0 | Windows Windows 10 or Windows Server 2016'),
	('1663721994606219264', NULL, '2023-05-31 09:40:09.022000', 0, NULL, '2023-05-31 09:40:09.022000', 327, '127.0.0.1', '本地测试', '查询单个数据字典的值', '{}', 'GET', '/zwz/dictData/getByType/sex', '管理员', 2, 'DICT_DATA-01', 'PC端 | Chrome 113.0.0.0 | Windows Windows 10 or Windows Server 2016'),
	('1663721994606219265', NULL, '2023-05-31 09:40:09.022000', 0, NULL, '2023-05-31 09:40:09.022000', 331, '127.0.0.1', '本地测试', '查询全部角色', '{}', 'GET', '/zwz/role/getAllList', '管理员', 2, 'ROLE-01', 'PC端 | Chrome 113.0.0.0 | Windows Windows 10 or Windows Server 2016'),
	('1663721994673328128', NULL, '2023-05-31 09:40:09.022000', 0, NULL, '2023-05-31 09:40:09.022000', 347, '127.0.0.1', '本地测试', '查询子部门', '{}', 'GET', '/zwz/department/getByParentId', '管理员', 2, 'DEP-01', 'PC端 | Chrome 113.0.0.0 | Windows Windows 10 or Windows Server 2016'),
	('1663721995101147137', NULL, '2023-05-31 09:40:09.022000', 0, NULL, '2023-05-31 09:40:09.022000', 323, '127.0.0.1', '本地测试', '查询用户', '{"nickname":"","departmentId":"","pageNumber":"1","pageSize":"20","sort":"createTime","order":"desc"}', 'GET', '/zwz/user/getUserList', '管理员', 2, 'USER-07', 'PC端 | Chrome 113.0.0.0 | Windows Windows 10 or Windows Server 2016'),
	('1663721997454151683', NULL, '2023-05-31 09:40:09.357000', 0, NULL, '2023-05-31 09:40:09.357000', 63, '127.0.0.1', '本地测试', '查询子部门', '{}', 'GET', '/zwz/department/getByParentId', '管理员', 2, 'DEP-01', 'PC端 | Chrome 113.0.0.0 | Windows Windows 10 or Windows Server 2016'),
	('1663722000998338560', NULL, '2023-05-31 09:40:10.188000', 0, NULL, '2023-05-31 09:40:10.188000', 48, '127.0.0.1', '本地测试', '查询单个数据字典的值', '{}', 'GET', '/zwz/dictData/getByType/permission_type', '管理员', 2, 'DICT_DATA-01', 'PC端 | Chrome 113.0.0.0 | Windows Windows 10 or Windows Server 2016'),
	('1663722001136750592', NULL, '2023-05-31 09:40:10.224000', 0, NULL, '2023-05-31 09:40:10.224000', 73, '127.0.0.1', '本地测试', '查询全部菜单', '{}', 'GET', '/zwz/permission/getAllList', '管理员', 2, 'PERMISSION-04', 'PC端 | Chrome 113.0.0.0 | Windows Windows 10 or Windows Server 2016'),
	('1663722016932499461', NULL, '2023-05-31 09:40:13.988000', 0, NULL, '2023-05-31 09:40:13.988000', 34, '127.0.0.1', '本地测试', '查询菜单权限拥有者', '{"permissionId":"1464484663442673664"}', 'GET', '/zwz/permission/getUserByPermission', '管理员', 2, 'PERMISSION-01', 'PC端 | Chrome 113.0.0.0 | Windows Windows 10 or Windows Server 2016'),
	('1663722052110127104', NULL, '2023-05-31 09:40:22.435000', 0, NULL, '2023-05-31 09:40:22.435000', 96, '127.0.0.1', '本地测试', '查询全部角色', '{}', 'GET', '/zwz/role/getAllList', '管理员', 2, 'ROLE-01', 'PC端 | Chrome 113.0.0.0 | Windows Windows 10 or Windows Server 2016'),
	('1663722052126904320', NULL, '2023-05-31 09:40:22.431000', 0, NULL, '2023-05-31 09:40:22.431000', 90, '127.0.0.1', '本地测试', '查询单个数据字典的值', '{}', 'GET', '/zwz/dictData/getByType/sex', '管理员', 2, 'DICT_DATA-01', 'PC端 | Chrome 113.0.0.0 | Windows Windows 10 or Windows Server 2016'),
	('1663722052131098624', NULL, '2023-05-31 09:40:22.425000', 0, NULL, '2023-05-31 09:40:22.425000', 85, '127.0.0.1', '本地测试', '查询子部门', '{}', 'GET', '/zwz/department/getByParentId', '管理员', 2, 'DEP-01', 'PC端 | Chrome 113.0.0.0 | Windows Windows 10 or Windows Server 2016'),
	('1663722052185624576', NULL, '2023-05-31 09:40:22.443000', 0, NULL, '2023-05-31 09:40:22.443000', 102, '127.0.0.1', '本地测试', '查询用户', '{"nickname":"","departmentId":"","pageNumber":"1","pageSize":"20","sort":"createTime","order":"desc"}', 'GET', '/zwz/user/getUserList', '管理员', 2, 'USER-07', 'PC端 | Chrome 113.0.0.0 | Windows Windows 10 or Windows Server 2016'),
	('1663722053234200576', NULL, '2023-05-31 09:40:22.652000', 0, NULL, '2023-05-31 09:40:22.652000', 50, '127.0.0.1', '本地测试', '查询子部门', '{}', 'GET', '/zwz/department/getByParentId', '管理员', 2, 'DEP-01', 'PC端 | Chrome 113.0.0.0 | Windows Windows 10 or Windows Server 2016'),
	('1663722116593356800', NULL, '2023-05-31 09:40:37.791000', 0, NULL, '2023-05-31 09:40:37.791000', 81, '127.0.0.1', '本地测试', '查询单个数据字典的值', '{}', 'GET', '/zwz/dictData/getByType/permission_type', '管理员', 2, 'DICT_DATA-01', 'PC端 | Chrome 113.0.0.0 | Windows Windows 10 or Windows Server 2016'),
	('1663722141062926340', NULL, '2023-05-31 09:40:43.685000', 0, NULL, '2023-05-31 09:40:43.685000', 140, '127.0.0.1', '本地测试', '查询菜单权限拥有者', '{"permissionId":"1530689602321518592"}', 'GET', '/zwz/permission/getUserByPermission', '管理员', 2, 'PERMISSION-01', 'PC端 | Chrome 113.0.0.0 | Windows Windows 10 or Windows Server 2016'),
	('1663722289725837314', NULL, '2023-05-31 09:41:19.072000', 0, NULL, '2023-05-31 09:41:19.072000', 94, '127.0.0.1', '本地测试', '查询菜单', '{}', 'GET', '/zwz/permission/getMenuList', '管理员', 2, 'PERMISSION-02', 'PC端 | Chrome 113.0.0.0 | Windows Windows 10 or Windows Server 2016'),
	('1663722291026071552', NULL, '2023-05-31 09:41:19.343000', 0, NULL, '2023-05-31 09:41:19.343000', 34, '127.0.0.1', '本地测试', '查询单个数据字典的值', '{}', 'GET', '/zwz/dictData/getByType/permission_type', '管理员', 2, 'DICT_DATA-01', 'PC端 | Chrome 113.0.0.0 | Windows Windows 10 or Windows Server 2016'),
	('1663722414946783232', NULL, '2023-05-31 09:41:48.926000', 0, NULL, '2023-05-31 09:41:48.926000', 94, '127.0.0.1', '本地测试', '登录系统', '{"username":"admin","password":"","code":"6025","captchaId":"4ed12e33e657463087424661bdd4c86b","saveLogin":"true"}', 'POST', '/zwz/login', 'admin', 1, '', 'PC端 | Chrome 113.0.0.0 | Windows Windows 10 or Windows Server 2016'),
	('1663722414946783235', NULL, '2023-05-31 09:41:48.942000', 0, NULL, '2023-05-31 09:41:48.942000', 94, '127.0.0.1', '本地测试', '获取当前登录用户', '{}', 'GET', '/zwz/user/info', 'admin', 2, 'USER-02', 'PC端 | Chrome 113.0.0.0 | Windows Windows 10 or Windows Server 2016'),
	('1663722415768866816', NULL, '2023-05-31 09:41:49.086000', 0, NULL, '2023-05-31 09:41:49.086000', 113, '127.0.0.1', '本地测试', '查询菜单', '{}', 'GET', '/zwz/permission/getMenuList', 'admin', 2, 'PERMISSION-02', 'PC端 | Chrome 113.0.0.0 | Windows Windows 10 or Windows Server 2016'),
	('1663722416666447895', NULL, '2023-05-31 09:41:49.305000', 0, NULL, '2023-05-31 09:41:49.305000', 47, '127.0.0.1', '本地测试', '查询个人门户菜单B', '{}', 'POST', '/zwz/myDoor/getMyDoorList6', 'admin', 2, 'MY-DOOR-02', 'PC端 | Chrome 113.0.0.0 | Windows Windows 10 or Windows Server 2016'),
	('1663722431740776462', NULL, '2023-05-31 09:41:52.905000', 0, NULL, '2023-05-31 09:41:52.905000', 53, '127.0.0.1', '本地测试', '查询单个数据字典的值', '{}', 'GET', '/zwz/dictData/getByType/permission_type', 'admin', 2, 'DICT_DATA-01', 'PC端 | Chrome 113.0.0.0 | Windows Windows 10 or Windows Server 2016'),
	('1663722431866605568', NULL, '2023-05-31 09:41:52.910000', 0, NULL, '2023-05-31 09:41:52.910000', 58, '127.0.0.1', '本地测试', '查询全部菜单', '{}', 'GET', '/zwz/permission/getAllList', 'admin', 2, 'PERMISSION-04', 'PC端 | Chrome 113.0.0.0 | Windows Windows 10 or Windows Server 2016'),
	('1663722441878409219', NULL, '2023-05-31 09:41:55.305000', 0, NULL, '2023-05-31 09:41:55.305000', 40, '127.0.0.1', '本地测试', '查询菜单权限拥有者', '{"permissionId":"5129710648430593"}', 'GET', '/zwz/permission/getUserByPermission', 'admin', 2, 'PERMISSION-01', 'PC端 | Chrome 113.0.0.0 | Windows Windows 10 or Windows Server 2016'),
	('1663722611194073088', NULL, '2023-05-31 09:42:35.742000', 0, NULL, '2023-05-31 09:42:35.742000', 112, '127.0.0.1', '本地测试', '查询单个数据字典的值', '{}', 'GET', '/zwz/dictData/getByType/permission_type', 'admin', 2, 'DICT_DATA-01', 'PC端 | Chrome 113.0.0.0 | Windows Windows 10 or Windows Server 2016'),
	('1663722638897451008', NULL, '2023-05-31 09:42:42.309000', 0, NULL, '2023-05-31 09:42:42.309000', 70, '127.0.0.1', '本地测试', '查询单个数据字典的值', '{}', 'GET', '/zwz/dictData/getByType/permission_type', 'admin', 2, 'DICT_DATA-01', 'PC端 | Chrome 113.0.0.0 | Windows Windows 10 or Windows Server 2016'),
	('1663722714512363531', NULL, '2023-05-31 09:43:00.350000', 0, NULL, '2023-05-31 09:43:00.350000', 76, '127.0.0.1', '本地测试', '查询单个数据字典的值', '{}', 'GET', '/zwz/dictData/getByType/permission_type', 'admin', 2, 'DICT_DATA-01', 'PC端 | Chrome 113.0.0.0 | Windows Windows 10 or Windows Server 2016'),
	('1663722747391512577', NULL, '2023-05-31 09:43:08.186000', 0, NULL, '2023-05-31 09:43:08.186000', 68, '127.0.0.1', '本地测试', '查询菜单权限拥有者', '{"permissionId":"1464484663442673664"}', 'GET', '/zwz/permission/getUserByPermission', 'admin', 2, 'PERMISSION-01', 'PC端 | Chrome 113.0.0.0 | Windows Windows 10 or Windows Server 2016'),
	('1663723238833917954', NULL, '2023-05-31 09:45:05.373000', 0, NULL, '2023-05-31 09:45:05.373000', 98, '127.0.0.1', '本地测试', '查询单个数据字典的值', '{}', 'GET', '/zwz/dictData/getByType/permission_type', 'admin', 2, 'DICT_DATA-01', 'PC端 | Chrome 113.0.0.0 | Windows Windows 10 or Windows Server 2016'),
	('1663723254378008581', NULL, '2023-05-31 09:45:09.031000', 0, NULL, '2023-05-31 09:45:09.031000', 47, '127.0.0.1', '本地测试', '查询菜单权限拥有者', '{"permissionId":"5129710648430593"}', 'GET', '/zwz/permission/getUserByPermission', 'admin', 2, 'PERMISSION-01', 'PC端 | Chrome 113.0.0.0 | Windows Windows 10 or Windows Server 2016'),
	('1663723263479648261', NULL, '2023-05-31 09:45:11.190000', 0, NULL, '2023-05-31 09:45:11.190000', 36, '127.0.0.1', '本地测试', '查询菜单权限拥有者', '{"permissionId":"1464484663442673664"}', 'GET', '/zwz/permission/getUserByPermission', 'admin', 2, 'PERMISSION-01', 'PC端 | Chrome 113.0.0.0 | Windows Windows 10 or Windows Server 2016'),
	('1663723364973416459', NULL, '2023-05-31 09:45:35.416000', 0, NULL, '2023-05-31 09:45:35.416000', 49, '127.0.0.1', '本地测试', '查询单个数据字典的值', '{}', 'GET', '/zwz/dictData/getByType/permission_type', 'admin', 2, 'DICT_DATA-01', 'PC端 | Chrome 113.0.0.0 | Windows Windows 10 or Windows Server 2016'),
	('1663723381511557125', NULL, '2023-05-31 09:45:39.326000', 0, NULL, '2023-05-31 09:45:39.326000', 31, '127.0.0.1', '本地测试', '查询菜单权限拥有者', '{"permissionId":"1464484663442673664"}', 'GET', '/zwz/permission/getUserByPermission', 'admin', 2, 'PERMISSION-01', 'PC端 | Chrome 113.0.0.0 | Windows Windows 10 or Windows Server 2016'),
	('1663723383352856577', NULL, '2023-05-31 09:45:39.749000', 0, NULL, '2023-05-31 09:45:39.749000', 31, '127.0.0.1', '本地测试', '查询菜单权限拥有者', '{"permissionId":"5129710648430593"}', 'GET', '/zwz/permission/getUserByPermission', 'admin', 2, 'PERMISSION-01', 'PC端 | Chrome 113.0.0.0 | Windows Windows 10 or Windows Server 2016'),
	('1663723433185382402', NULL, '2023-05-31 09:45:51.680000', 0, NULL, '2023-05-31 09:45:51.680000', 68, '127.0.0.1', '本地测试', '查询单个数据字典的值', '{}', 'GET', '/zwz/dictData/getByType/permission_type', 'admin', 2, 'DICT_DATA-01', 'PC端 | Chrome 113.0.0.0 | Windows Windows 10 or Windows Server 2016'),
	('1663723439489421317', NULL, '2023-05-31 09:45:53.149000', 0, NULL, '2023-05-31 09:45:53.149000', 31, '127.0.0.1', '本地测试', '查询菜单权限拥有者', '{"permissionId":"5129710648430593"}', 'GET', '/zwz/permission/getUserByPermission', 'admin', 2, 'PERMISSION-01', 'PC端 | Chrome 113.0.0.0 | Windows Windows 10 or Windows Server 2016'),
	('1663723468010688512', NULL, '2023-05-31 09:45:59.972000', 0, NULL, '2023-05-31 09:45:59.972000', 55, '127.0.0.1', '本地测试', '添加菜单', '{"icon":"","type":"1","parentId":"5129710648430593","level":"3","sortOrder":"1","buttonType":"add","status":"0","path":"无","title":"添加用户","name":"","component":""}', 'POST', '/zwz/permission/add', 'admin', 2, 'PERMISSION-06', 'PC端 | Chrome 113.0.0.0 | Windows Windows 10 or Windows Server 2016'),
	('1663723469667438608', NULL, '2023-05-31 09:46:00.350000', 0, NULL, '2023-05-31 09:46:00.350000', 20, '127.0.0.1', '本地测试', '查询单个数据字典的值', '{}', 'GET', '/zwz/dictData/getByType/permission_type', 'admin', 2, 'DICT_DATA-01', 'PC端 | Chrome 113.0.0.0 | Windows Windows 10 or Windows Server 2016'),
	('1663723469667438617', NULL, '2023-05-31 09:46:00.371000', 0, NULL, '2023-05-31 09:46:00.371000', 58, '127.0.0.1', '本地测试', '查询菜单', '{}', 'GET', '/zwz/permission/getMenuList', 'admin', 2, 'PERMISSION-02', 'PC端 | Chrome 113.0.0.0 | Windows Windows 10 or Windows Server 2016'),
	('1663723469751324681', NULL, '2023-05-31 09:46:00.398000', 0, NULL, '2023-05-31 09:46:00.398000', 83, '127.0.0.1', '本地测试', '查询全部菜单', '{}', 'GET', '/zwz/permission/getAllList', 'admin', 2, 'PERMISSION-04', 'PC端 | Chrome 113.0.0.0 | Windows Windows 10 or Windows Server 2016'),
	('1663723475614961664', NULL, '2023-05-31 09:46:01.752000', 0, NULL, '2023-05-31 09:46:01.752000', 27, '127.0.0.1', '本地测试', '查询菜单权限拥有者', '{"permissionId":"5129710648430593"}', 'GET', '/zwz/permission/getUserByPermission', 'admin', 2, 'PERMISSION-01', 'PC端 | Chrome 113.0.0.0 | Windows Windows 10 or Windows Server 2016'),
	('1663723511857942528', NULL, '2023-05-31 09:46:10.431000', 0, NULL, '2023-05-31 09:46:10.431000', 48, '127.0.0.1', '本地测试', '添加菜单', '{"icon":"","type":"1","parentId":"5129710648430593","level":"3","sortOrder":"2","buttonType":"edit","status":"0","path":"无","title":"编辑用户","name":"","component":""}', 'POST', '/zwz/permission/add', 'admin', 2, 'PERMISSION-06', 'PC端 | Chrome 113.0.0.0 | Windows Windows 10 or Windows Server 2016'),
	('1663723512948461570', NULL, '2023-05-31 09:46:10.652000', 0, NULL, '2023-05-31 09:46:10.652000', 20, '127.0.0.1', '本地测试', '查询菜单', '{}', 'GET', '/zwz/permission/getMenuList', 'admin', 2, 'PERMISSION-02', 'PC端 | Chrome 113.0.0.0 | Windows Windows 10 or Windows Server 2016'),
	('1663723513514692609', NULL, '2023-05-31 09:46:10.790000', 0, NULL, '2023-05-31 09:46:10.790000', 26, '127.0.0.1', '本地测试', '查询单个数据字典的值', '{}', 'GET', '/zwz/dictData/getByType/permission_type', 'admin', 2, 'DICT_DATA-01', 'PC端 | Chrome 113.0.0.0 | Windows Windows 10 or Windows Server 2016'),
	('1663723513640521728', NULL, '2023-05-31 09:46:10.822000', 0, NULL, '2023-05-31 09:46:10.822000', 58, '127.0.0.1', '本地测试', '查询全部菜单', '{}', 'GET', '/zwz/permission/getAllList', 'admin', 2, 'PERMISSION-04', 'PC端 | Chrome 113.0.0.0 | Windows Windows 10 or Windows Server 2016'),
	('1663723538646962176', NULL, '2023-05-31 09:46:16.812000', 0, NULL, '2023-05-31 09:46:16.812000', 58, '127.0.0.1', '本地测试', '添加菜单', '{"icon":"","type":"1","parentId":"5129710648430593","level":"3","sortOrder":"3","buttonType":"delete","status":"0","path":"无","title":"删除用户","name":"","component":""}', 'POST', '/zwz/permission/add', 'admin', 2, 'PERMISSION-06', 'PC端 | Chrome 113.0.0.0 | Windows Windows 10 or Windows Server 2016'),
	('1663723540215631890', NULL, '2023-05-31 09:46:17.153000', 0, NULL, '2023-05-31 09:46:17.153000', 20, '127.0.0.1', '本地测试', '查询单个数据字典的值', '{}', 'GET', '/zwz/dictData/getByType/permission_type', 'admin', 2, 'DICT_DATA-01', 'PC端 | Chrome 113.0.0.0 | Windows Windows 10 or Windows Server 2016'),
	('1663723540215631897', NULL, '2023-05-31 09:46:17.193000', 0, NULL, '2023-05-31 09:46:17.193000', 60, '127.0.0.1', '本地测试', '查询菜单', '{}', 'GET', '/zwz/permission/getMenuList', 'admin', 2, 'PERMISSION-02', 'PC端 | Chrome 113.0.0.0 | Windows Windows 10 or Windows Server 2016'),
	('1663723540299517961', NULL, '2023-05-31 09:46:17.188000', 0, NULL, '2023-05-31 09:46:17.188000', 55, '127.0.0.1', '本地测试', '查询全部菜单', '{}', 'GET', '/zwz/permission/getAllList', 'admin', 2, 'PERMISSION-04', 'PC端 | Chrome 113.0.0.0 | Windows Windows 10 or Windows Server 2016'),
	('1663723877039214614', NULL, '2023-05-31 09:47:37.533000', 0, NULL, '2023-05-31 09:47:37.533000', 111, '127.0.0.1', '本地测试', '查询角色', '{"pageNumber":"1","pageSize":"15","sort":"createTime","order":"desc"}', 'GET', '/zwz/role/getAllByPage', 'admin', 2, 'ROLE-02', 'PC端 | Chrome 113.0.0.0 | Windows Windows 10 or Windows Server 2016'),
	('1663723894877589504', NULL, '2023-05-31 09:47:41.722000', 0, NULL, '2023-05-31 09:47:41.722000', 64, '127.0.0.1', '本地测试', '修改菜单权限', '{"roleId":"1536606659751841799","permIds":"125909152017944576,1464484663442673664,5129710648430593,1663723467998105600,1663723511849553920,1663723538621796352,40238597734928384,5129710648430594,5129710648430595,56309618086776832,41363147411427328,1530689602321518592,1535166438371889152,1536599942410407936,1536600125332393984,1536600268379131904,1536604417711804416,1536606273959759872,1536606372668510208,1536606464712511488,1536606550951596032,1536606637815631872,1536875505901506560"}', 'POST', '/zwz/role/editRolePerm', 'admin', 2, 'ROLE-04', 'PC端 | Chrome 113.0.0.0 | Windows Windows 10 or Windows Server 2016'),
	('1663723895884222464', NULL, '2023-05-31 09:47:41.951000', 0, NULL, '2023-05-31 09:47:41.951000', 59, '127.0.0.1', '本地测试', '查询菜单', '{}', 'GET', '/zwz/permission/getMenuList', 'admin', 2, 'PERMISSION-02', 'PC端 | Chrome 113.0.0.0 | Windows Windows 10 or Windows Server 2016'),
	('1663723896471425024', NULL, '2023-05-31 09:47:42.096000', 0, NULL, '2023-05-31 09:47:42.096000', 31, '127.0.0.1', '本地测试', '查询角色', '{"pageNumber":"1","pageSize":"15","sort":"createTime","order":"desc"}', 'GET', '/zwz/role/getAllByPage', 'admin', 2, 'ROLE-02', 'PC端 | Chrome 113.0.0.0 | Windows Windows 10 or Windows Server 2016'),
	('1663723905631784960', NULL, '2023-05-31 09:47:44.282000', 0, NULL, '2023-05-31 09:47:44.282000', 29, '127.0.0.1', '本地测试', '查询菜单', '{}', 'GET', '/zwz/permission/getMenuList', 'admin', 2, 'PERMISSION-02', 'PC端 | Chrome 113.0.0.0 | Windows Windows 10 or Windows Server 2016'),
	('1663723906281902080', NULL, '2023-05-31 09:47:44.436000', 0, NULL, '2023-05-31 09:47:44.436000', 36, '127.0.0.1', '本地测试', '查询角色', '{"pageNumber":"1","pageSize":"15","sort":"createTime","order":"desc"}', 'GET', '/zwz/role/getAllByPage', 'admin', 2, 'ROLE-02', 'PC端 | Chrome 113.0.0.0 | Windows Windows 10 or Windows Server 2016'),
	('1663723975857016832', NULL, '2023-05-31 09:48:01.062000', 0, NULL, '2023-05-31 09:48:01.062000', 72, '127.0.0.1', '本地测试', '查询角色', '{"pageNumber":"1","pageSize":"15","sort":"createTime","order":"desc"}', 'GET', '/zwz/role/getAllByPage', 'admin', 2, 'ROLE-02', 'PC端 | Chrome 113.0.0.0 | Windows Windows 10 or Windows Server 2016'),
	('1663723989278789634', NULL, '2023-05-31 09:48:04.229000', 0, NULL, '2023-05-31 09:48:04.229000', 31, '127.0.0.1', '本地测试', '查看单个配置', '{"id":"FILE_PATH"}', 'GET', '/zwz/setting/getOne', 'admin', 2, 'SETTING-01', 'PC端 | Chrome 113.0.0.0 | Windows Windows 10 or Windows Server 2016'),
	('1663723989341704196', NULL, '2023-05-31 09:48:04.276000', 0, NULL, '2023-05-31 09:48:04.276000', 78, '127.0.0.1', '本地测试', '查询系统文件', '{"name":"","fkey":"","type":"","pageNumber":"1","pageSize":"15","sort":"createTime","order":"desc","startDate":"","endDate":""}', 'GET', '/zwz/file/getByCondition', 'admin', 2, 'FILE-01', 'PC端 | Chrome 113.0.0.0 | Windows Windows 10 or Windows Server 2016'),
	('1663723989933101057', NULL, '2023-05-31 09:48:04.385000', 0, NULL, '2023-05-31 09:48:04.385000', 16, '127.0.0.1', '本地测试', '查看单个配置', '{"id":"FILE_HTTP"}', 'GET', '/zwz/setting/getOne', 'admin', 2, 'SETTING-01', 'PC端 | Chrome 113.0.0.0 | Windows Windows 10 or Windows Server 2016'),
	('1663723990524497921', NULL, '2023-05-31 09:48:04.535000', 0, NULL, '2023-05-31 09:48:04.535000', 31, '127.0.0.1', '本地测试', '查看单个配置', '{"id":"FILE_VIEW"}', 'GET', '/zwz/setting/getOne', 'admin', 2, 'SETTING-01', 'PC端 | Chrome 113.0.0.0 | Windows Windows 10 or Windows Server 2016'),
	('1663724006899060736', NULL, '2023-05-31 09:48:08.432000', 0, NULL, '2023-05-31 09:48:08.432000', 43, '127.0.0.1', '本地测试', '查询子部门', '{}', 'GET', '/zwz/department/getByParentId', 'admin', 2, 'DEP-01', 'PC端 | Chrome 113.0.0.0 | Windows Windows 10 or Windows Server 2016'),
	('1663724008174129152', NULL, '2023-05-31 09:48:08.731000', 0, NULL, '2023-05-31 09:48:08.731000', 32, '127.0.0.1', '本地测试', '查询用户', '{"pageNumber":"1","pageSize":"10","sort":"createTime","order":"desc","departmentId":""}', 'GET', '/zwz/myUser/getByPage', 'admin', 2, 'USER-01', 'PC端 | Chrome 113.0.0.0 | Windows Windows 10 or Windows Server 2016'),
	('1663724008367067139', NULL, '2023-05-31 09:48:08.775000', 0, NULL, '2023-05-31 09:48:08.775000', 29, '127.0.0.1', '本地测试', '查询子部门', '{}', 'GET', '/zwz/department/getByParentId', 'admin', 2, 'DEP-01', 'PC端 | Chrome 113.0.0.0 | Windows Windows 10 or Windows Server 2016'),
	('1663724015048593412', NULL, '2023-05-31 09:48:10.373000', 0, NULL, '2023-05-31 09:48:10.373000', 20, '127.0.0.1', '本地测试', '查询全部角色', '{}', 'GET', '/zwz/role/getAllList', 'admin', 2, 'ROLE-01', 'PC端 | Chrome 113.0.0.0 | Windows Windows 10 or Windows Server 2016'),
	('1663724015048593416', NULL, '2023-05-31 09:48:10.432000', 0, NULL, '2023-05-31 09:48:10.432000', 90, '127.0.0.1', '本地测试', '查询子部门', '{}', 'GET', '/zwz/department/getByParentId', 'admin', 2, 'DEP-01', 'PC端 | Chrome 113.0.0.0 | Windows Windows 10 or Windows Server 2016'),
	('1663724015048593420', NULL, '2023-05-31 09:48:10.412000', 0, NULL, '2023-05-31 09:48:10.412000', 71, '127.0.0.1', '本地测试', '查询单个数据字典的值', '{}', 'GET', '/zwz/dictData/getByType/sex', 'admin', 2, 'DICT_DATA-01', 'PC端 | Chrome 113.0.0.0 | Windows Windows 10 or Windows Server 2016'),
	('1663724015128285186', NULL, '2023-05-31 09:48:10.432000', 0, NULL, '2023-05-31 09:48:10.432000', 90, '127.0.0.1', '本地测试', '查询用户', '{"nickname":"","departmentId":"","pageNumber":"1","pageSize":"20","sort":"createTime","order":"desc"}', 'GET', '/zwz/user/getUserList', 'admin', 2, 'USER-07', 'PC端 | Chrome 113.0.0.0 | Windows Windows 10 or Windows Server 2016'),
	('1663724016747286528', NULL, '2023-05-31 09:48:10.787000', 0, NULL, '2023-05-31 09:48:10.787000', 46, '127.0.0.1', '本地测试', '查询子部门', '{}', 'GET', '/zwz/department/getByParentId', 'admin', 2, 'DEP-01', 'PC端 | Chrome 113.0.0.0 | Windows Windows 10 or Windows Server 2016'),
	('1663724032962465792', NULL, '2023-05-31 09:48:14.651000', 0, NULL, '2023-05-31 09:48:14.651000', 51, '127.0.0.1', '本地测试', '查询角色', '{"pageNumber":"1","pageSize":"15","sort":"createTime","order":"desc"}', 'GET', '/zwz/role/getAllByPage', 'admin', 2, 'ROLE-02', 'PC端 | Chrome 113.0.0.0 | Windows Windows 10 or Windows Server 2016'),
	('1663724034602438656', NULL, '2023-05-31 09:48:15.040000', 0, NULL, '2023-05-31 09:48:15.040000', 38, '127.0.0.1', '本地测试', '查询单个数据字典的值', '{}', 'GET', '/zwz/dictData/getByType/permission_type', 'admin', 2, 'DICT_DATA-01', 'PC端 | Chrome 113.0.0.0 | Windows Windows 10 or Windows Server 2016'),
	('1663724060896530436', NULL, '2023-05-31 09:48:21.368000', 0, NULL, '2023-05-31 09:48:21.368000', 81, '127.0.0.1', '本地测试', '查询菜单权限拥有者', '{"permissionId":"1663723467998105600"}', 'GET', '/zwz/permission/getUserByPermission', 'admin', 2, 'PERMISSION-01', 'PC端 | Chrome 113.0.0.0 | Windows Windows 10 or Windows Server 2016'),
	('1663724069318692869', NULL, '2023-05-31 09:48:23.312000', 0, NULL, '2023-05-31 09:48:23.312000', 31, '127.0.0.1', '本地测试', '查询菜单权限拥有者', '{"permissionId":"5129710648430593"}', 'GET', '/zwz/permission/getUserByPermission', 'admin', 2, 'PERMISSION-01', 'PC端 | Chrome 113.0.0.0 | Windows Windows 10 or Windows Server 2016'),
	('1663724078671990789', NULL, '2023-05-31 09:48:25.551000', 0, NULL, '2023-05-31 09:48:25.551000', 40, '127.0.0.1', '本地测试', '查询菜单权限拥有者', '{"permissionId":"40238597734928384"}', 'GET', '/zwz/permission/getUserByPermission', 'admin', 2, 'PERMISSION-01', 'PC端 | Chrome 113.0.0.0 | Windows Windows 10 or Windows Server 2016'),
	('1663724125681750016', NULL, '2023-05-31 09:48:36.811000', 0, NULL, '2023-05-31 09:48:36.811000', 94, '127.0.0.1', '本地测试', '添加菜单', '{"icon":"","type":"1","parentId":"40238597734928384","level":"3","sortOrder":"1","buttonType":"add","status":"0","path":"无","title":"添加部门","name":"","component":""}', 'POST', '/zwz/permission/add', 'admin', 2, 'PERMISSION-06', 'PC端 | Chrome 113.0.0.0 | Windows Windows 10 or Windows Server 2016'),
	('1663724127510466573', NULL, '2023-05-31 09:48:37.193000', 0, NULL, '2023-05-31 09:48:37.193000', 41, '127.0.0.1', '本地测试', '查询单个数据字典的值', '{}', 'GET', '/zwz/dictData/getByType/permission_type', 'admin', 2, 'DICT_DATA-01', 'PC端 | Chrome 113.0.0.0 | Windows Windows 10 or Windows Server 2016'),
	('1663724127510466581', NULL, '2023-05-31 09:48:37.234000', 0, NULL, '2023-05-31 09:48:37.234000', 81, '127.0.0.1', '本地测试', '查询菜单', '{}', 'GET', '/zwz/permission/getMenuList', 'admin', 2, 'PERMISSION-02', 'PC端 | Chrome 113.0.0.0 | Windows Windows 10 or Windows Server 2016'),
	('1663724127581769728', NULL, '2023-05-31 09:48:37.246000', 0, NULL, '2023-05-31 09:48:37.246000', 94, '127.0.0.1', '本地测试', '查询全部菜单', '{}', 'GET', '/zwz/permission/getAllList', 'admin', 2, 'PERMISSION-04', 'PC端 | Chrome 113.0.0.0 | Windows Windows 10 or Windows Server 2016'),
	('1663724149740277760', NULL, '2023-05-31 09:48:42.554000', 0, NULL, '2023-05-31 09:48:42.554000', 99, '127.0.0.1', '本地测试', '添加菜单', '{"icon":"","type":"1","parentId":"40238597734928384","level":"3","sortOrder":"2","buttonType":"edit","status":"0","path":"无","title":"编辑部门","name":"","component":""}', 'POST', '/zwz/permission/add', 'admin', 2, 'PERMISSION-06', 'PC端 | Chrome 113.0.0.0 | Windows Windows 10 or Windows Server 2016'),
	('1663724151581577234', NULL, '2023-05-31 09:48:42.933000', 0, NULL, '2023-05-31 09:48:42.933000', 39, '127.0.0.1', '本地测试', '查询单个数据字典的值', '{}', 'GET', '/zwz/dictData/getByType/permission_type', 'admin', 2, 'DICT_DATA-01', 'PC端 | Chrome 113.0.0.0 | Windows Windows 10 or Windows Server 2016'),
	('1663724151581577241', NULL, '2023-05-31 09:48:42.995000', 0, NULL, '2023-05-31 09:48:42.995000', 98, '127.0.0.1', '本地测试', '查询菜单', '{}', 'GET', '/zwz/permission/getMenuList', 'admin', 2, 'PERMISSION-02', 'PC端 | Chrome 113.0.0.0 | Windows Windows 10 or Windows Server 2016'),
	('1663724151661268992', NULL, '2023-05-31 09:48:42.976000', 0, NULL, '2023-05-31 09:48:42.976000', 82, '127.0.0.1', '本地测试', '查询全部菜单', '{}', 'GET', '/zwz/permission/getAllList', 'admin', 2, 'PERMISSION-04', 'PC端 | Chrome 113.0.0.0 | Windows Windows 10 or Windows Server 2016'),
	('1663724174402785280', NULL, '2023-05-31 09:48:48.415000', 0, NULL, '2023-05-31 09:48:48.415000', 80, '127.0.0.1', '本地测试', '添加菜单', '{"icon":"","type":"1","parentId":"40238597734928384","level":"3","sortOrder":"3","buttonType":"delete","status":"0","path":"无","title":"删除部门","name":"","component":""}', 'POST', '/zwz/permission/add', 'admin', 2, 'PERMISSION-06', 'PC端 | Chrome 113.0.0.0 | Windows Windows 10 or Windows Server 2016'),
	('1663724176189558784', NULL, '2023-05-31 09:48:48.792000', 0, NULL, '2023-05-31 09:48:48.792000', 35, '127.0.0.1', '本地测试', '查询单个数据字典的值', '{}', 'GET', '/zwz/dictData/getByType/permission_type', 'admin', 2, 'DICT_DATA-01', 'PC端 | Chrome 113.0.0.0 | Windows Windows 10 or Windows Server 2016'),
	('1663724176193753092', NULL, '2023-05-31 09:48:48.812000', 0, NULL, '2023-05-31 09:48:48.812000', 55, '127.0.0.1', '本地测试', '查询菜单', '{}', 'GET', '/zwz/permission/getMenuList', 'admin', 2, 'PERMISSION-02', 'PC端 | Chrome 113.0.0.0 | Windows Windows 10 or Windows Server 2016'),
	('1663724176235696137', NULL, '2023-05-31 09:48:48.855000', 0, NULL, '2023-05-31 09:48:48.855000', 98, '127.0.0.1', '本地测试', '查询全部菜单', '{}', 'GET', '/zwz/permission/getAllList', 'admin', 2, 'PERMISSION-04', 'PC端 | Chrome 113.0.0.0 | Windows Windows 10 or Windows Server 2016'),
	('1663724201527349253', NULL, '2023-05-31 09:48:54.872000', 0, NULL, '2023-05-31 09:48:54.872000', 70, '127.0.0.1', '本地测试', '查询菜单权限拥有者', '{"permissionId":"5129710648430594"}', 'GET', '/zwz/permission/getUserByPermission', 'admin', 2, 'PERMISSION-01', 'PC端 | Chrome 113.0.0.0 | Windows Windows 10 or Windows Server 2016'),
	('1663724230598070272', NULL, '2023-05-31 09:49:01.813000', 0, NULL, '2023-05-31 09:49:01.813000', 80, '127.0.0.1', '本地测试', '添加菜单', '{"icon":"","type":"1","parentId":"5129710648430594","level":"3","sortOrder":"1","buttonType":"add","status":"0","path":"无","title":"添加角色","name":"","component":""}', 'POST', '/zwz/permission/add', 'admin', 2, 'PERMISSION-06', 'PC端 | Chrome 113.0.0.0 | Windows Windows 10 or Windows Server 2016'),
	('1663724231684395010', NULL, '2023-05-31 09:49:02.037000', 0, NULL, '2023-05-31 09:49:02.037000', 45, '127.0.0.1', '本地测试', '查询菜单', '{}', 'GET', '/zwz/permission/getMenuList', 'admin', 2, 'PERMISSION-02', 'PC端 | Chrome 113.0.0.0 | Windows Windows 10 or Windows Server 2016'),
	('1663724232393232384', NULL, '2023-05-31 09:49:02.202000', 0, NULL, '2023-05-31 09:49:02.202000', 46, '127.0.0.1', '本地测试', '查询单个数据字典的值', '{}', 'GET', '/zwz/dictData/getByType/permission_type', 'admin', 2, 'DICT_DATA-01', 'PC端 | Chrome 113.0.0.0 | Windows Windows 10 or Windows Server 2016'),
	('1663724232506478592', NULL, '2023-05-31 09:49:02.264000', 0, NULL, '2023-05-31 09:49:02.264000', 108, '127.0.0.1', '本地测试', '查询全部菜单', '{}', 'GET', '/zwz/permission/getAllList', 'admin', 2, 'PERMISSION-04', 'PC端 | Chrome 113.0.0.0 | Windows Windows 10 or Windows Server 2016'),
	('1663724255348658176', NULL, '2023-05-31 09:49:07.710000', 0, NULL, '2023-05-31 09:49:07.710000', 66, '127.0.0.1', '本地测试', '添加菜单', '{"icon":"","type":"1","parentId":"5129710648430594","level":"3","sortOrder":"2","buttonType":"edit","status":"0","path":"无","title":"编辑角色","name":"","component":""}', 'POST', '/zwz/permission/add', 'admin', 2, 'PERMISSION-06', 'PC端 | Chrome 113.0.0.0 | Windows Windows 10 or Windows Server 2016'),
	('1663724257110265869', NULL, '2023-05-31 09:49:08.093000', 0, NULL, '2023-05-31 09:49:08.093000', 40, '127.0.0.1', '本地测试', '查询单个数据字典的值', '{}', 'GET', '/zwz/dictData/getByType/permission_type', 'admin', 2, 'DICT_DATA-01', 'PC端 | Chrome 113.0.0.0 | Windows Windows 10 or Windows Server 2016'),
	('1663724257110265877', NULL, '2023-05-31 09:49:08.134000', 0, NULL, '2023-05-31 09:49:08.134000', 83, '127.0.0.1', '本地测试', '查询菜单', '{}', 'GET', '/zwz/permission/getMenuList', 'admin', 2, 'PERMISSION-02', 'PC端 | Chrome 113.0.0.0 | Windows Windows 10 or Windows Server 2016'),
	('1663724257185763328', NULL, '2023-05-31 09:49:08.154000', 0, NULL, '2023-05-31 09:49:08.154000', 101, '127.0.0.1', '本地测试', '查询全部菜单', '{}', 'GET', '/zwz/permission/getAllList', 'admin', 2, 'PERMISSION-04', 'PC端 | Chrome 113.0.0.0 | Windows Windows 10 or Windows Server 2016'),
	('1663724279591735296', NULL, '2023-05-31 09:49:13.492000', 0, NULL, '2023-05-31 09:49:13.492000', 79, '127.0.0.1', '本地测试', '添加菜单', '{"icon":"","type":"1","parentId":"5129710648430594","level":"3","sortOrder":"3","buttonType":"delete","status":"0","path":"无","title":"删除角色","name":"","component":""}', 'POST', '/zwz/permission/add', 'admin', 2, 'PERMISSION-06', 'PC端 | Chrome 113.0.0.0 | Windows Windows 10 or Windows Server 2016'),
	('1663724281349148688', NULL, '2023-05-31 09:49:13.872000', 0, NULL, '2023-05-31 09:49:13.872000', 39, '127.0.0.1', '本地测试', '查询单个数据字典的值', '{}', 'GET', '/zwz/dictData/getByType/permission_type', 'admin', 2, 'DICT_DATA-01', 'PC端 | Chrome 113.0.0.0 | Windows Windows 10 or Windows Server 2016'),
	('1663724281349148697', NULL, '2023-05-31 09:49:13.908000', 0, NULL, '2023-05-31 09:49:13.908000', 75, '127.0.0.1', '本地测试', '查询菜单', '{}', 'GET', '/zwz/permission/getMenuList', 'admin', 2, 'PERMISSION-02', 'PC端 | Chrome 113.0.0.0 | Windows Windows 10 or Windows Server 2016'),
	('1663724281428840455', NULL, '2023-05-31 09:49:13.931000', 0, NULL, '2023-05-31 09:49:13.931000', 96, '127.0.0.1', '本地测试', '查询全部菜单', '{}', 'GET', '/zwz/permission/getAllList', 'admin', 2, 'PERMISSION-04', 'PC端 | Chrome 113.0.0.0 | Windows Windows 10 or Windows Server 2016'),
	('1663724286134849537', NULL, '2023-05-31 09:49:14.992000', 0, NULL, '2023-05-31 09:49:14.992000', 23, '127.0.0.1', '本地测试', '查询菜单权限拥有者', '{"permissionId":"5129710648430595"}', 'GET', '/zwz/permission/getUserByPermission', 'admin', 2, 'PERMISSION-01', 'PC端 | Chrome 113.0.0.0 | Windows Windows 10 or Windows Server 2016'),
	('1663724293940449285', NULL, '2023-05-31 09:49:16.874000', 0, NULL, '2023-05-31 09:49:16.874000', 39, '127.0.0.1', '本地测试', '查询菜单权限拥有者', '{"permissionId":"5129710648430594"}', 'GET', '/zwz/permission/getUserByPermission', 'admin', 2, 'PERMISSION-01', 'PC端 | Chrome 113.0.0.0 | Windows Windows 10 or Windows Server 2016'),
	('1663724334776193024', NULL, '2023-05-31 09:49:26.633000', 0, NULL, '2023-05-31 09:49:26.633000', 66, '127.0.0.1', '本地测试', '添加菜单', '{"icon":"","type":"1","parentId":"5129710648430594","level":"3","sortOrder":"4","buttonType":"enable","status":"0","path":"无","title":"分配角色权限","name":"","component":""}', 'POST', '/zwz/permission/add', 'admin', 2, 'PERMISSION-06', 'PC端 | Chrome 113.0.0.0 | Windows Windows 10 or Windows Server 2016'),
	('1663724336491663361', NULL, '2023-05-31 09:49:27.014000', 0, NULL, '2023-05-31 09:49:27.014000', 35, '127.0.0.1', '本地测试', '查询单个数据字典的值', '{}', 'GET', '/zwz/dictData/getByType/permission_type', 'admin', 2, 'DICT_DATA-01', 'PC端 | Chrome 113.0.0.0 | Windows Windows 10 or Windows Server 2016'),
	('1663724336495857667', NULL, '2023-05-31 09:49:27.054000', 0, NULL, '2023-05-31 09:49:27.054000', 77, '127.0.0.1', '本地测试', '查询菜单', '{}', 'GET', '/zwz/permission/getMenuList', 'admin', 2, 'PERMISSION-02', 'PC端 | Chrome 113.0.0.0 | Windows Windows 10 or Windows Server 2016'),
	('1663724336558772224', NULL, '2023-05-31 09:49:27.083000', 0, NULL, '2023-05-31 09:49:27.083000', 105, '127.0.0.1', '本地测试', '查询全部菜单', '{}', 'GET', '/zwz/permission/getAllList', 'admin', 2, 'PERMISSION-04', 'PC端 | Chrome 113.0.0.0 | Windows Windows 10 or Windows Server 2016'),
	('1663724340371394565', NULL, '2023-05-31 09:49:27.933000', 0, NULL, '2023-05-31 09:49:27.933000', 28, '127.0.0.1', '本地测试', '查询菜单权限拥有者', '{"permissionId":"5129710648430595"}', 'GET', '/zwz/permission/getUserByPermission', 'admin', 2, 'PERMISSION-01', 'PC端 | Chrome 113.0.0.0 | Windows Windows 10 or Windows Server 2016'),
	('1663724386382909441', NULL, '2023-05-31 09:49:38.973000', 0, NULL, '2023-05-31 09:49:38.973000', 98, '127.0.0.1', '本地测试', '添加菜单', '{"icon":"","type":"1","parentId":"5129710648430595","level":"3","sortOrder":"1","buttonType":"add","status":"0","path":"无","title":"添加菜单","name":"","component":""}', 'POST', '/zwz/permission/add', 'admin', 2, 'PERMISSION-06', 'PC端 | Chrome 113.0.0.0 | Windows Windows 10 or Windows Server 2016'),
	('1663724387465039874', NULL, '2023-05-31 09:49:39.173000', 0, NULL, '2023-05-31 09:49:39.173000', 40, '127.0.0.1', '本地测试', '查询菜单', '{}', 'GET', '/zwz/permission/getMenuList', 'admin', 2, 'PERMISSION-02', 'PC端 | Chrome 113.0.0.0 | Windows Windows 10 or Windows Server 2016'),
	('1663724388199043075', NULL, '2023-05-31 09:49:39.348000', 0, NULL, '2023-05-31 09:49:39.348000', 43, '127.0.0.1', '本地测试', '查询单个数据字典的值', '{}', 'GET', '/zwz/dictData/getByType/permission_type', 'admin', 2, 'DICT_DATA-01', 'PC端 | Chrome 113.0.0.0 | Windows Windows 10 or Windows Server 2016'),
	('1663724388287123456', NULL, '2023-05-31 09:49:39.416000', 0, NULL, '2023-05-31 09:49:39.416000', 110, '127.0.0.1', '本地测试', '查询全部菜单', '{}', 'GET', '/zwz/permission/getAllList', 'admin', 2, 'PERMISSION-04', 'PC端 | Chrome 113.0.0.0 | Windows Windows 10 or Windows Server 2016'),
	('1663724413931098112', NULL, '2023-05-31 09:49:45.493000', 0, NULL, '2023-05-31 09:49:45.493000', 53, '127.0.0.1', '本地测试', '添加菜单', '{"icon":"","type":"1","parentId":"5129710648430595","level":"3","sortOrder":"2","buttonType":"edit","status":"0","path":"无","title":"编辑菜单","name":"","component":""}', 'POST', '/zwz/permission/add', 'admin', 2, 'PERMISSION-06', 'PC端 | Chrome 113.0.0.0 | Windows Windows 10 or Windows Server 2016'),
	('1663724415566876677', NULL, '2023-05-31 09:49:45.854000', 0, NULL, '2023-05-31 09:49:45.854000', 25, '127.0.0.1', '本地测试', '查询单个数据字典的值', '{}', 'GET', '/zwz/dictData/getByType/permission_type', 'admin', 2, 'DICT_DATA-01', 'PC端 | Chrome 113.0.0.0 | Windows Windows 10 or Windows Server 2016'),
	('1663724415571070976', NULL, '2023-05-31 09:49:45.893000', 0, NULL, '2023-05-31 09:49:45.893000', 64, '127.0.0.1', '本地测试', '查询菜单', '{}', 'GET', '/zwz/permission/getMenuList', 'admin', 2, 'PERMISSION-02', 'PC端 | Chrome 113.0.0.0 | Windows Windows 10 or Windows Server 2016'),
	('1663724415575265301', NULL, '2023-05-31 09:49:45.909000', 0, NULL, '2023-05-31 09:49:45.909000', 79, '127.0.0.1', '本地测试', '查询全部菜单', '{}', 'GET', '/zwz/permission/getAllList', 'admin', 2, 'PERMISSION-04', 'PC端 | Chrome 113.0.0.0 | Windows Windows 10 or Windows Server 2016'),
	('1663724441454120960', NULL, '2023-05-31 09:49:52.054000', 0, NULL, '2023-05-31 09:49:52.054000', 53, '127.0.0.1', '本地测试', '添加菜单', '{"icon":"","type":"1","parentId":"5129710648430595","level":"3","sortOrder":"3","buttonType":"delete","status":"0","path":"无","title":"删除菜单","name":"","component":""}', 'POST', '/zwz/permission/add', 'admin', 2, 'PERMISSION-06', 'PC端 | Chrome 113.0.0.0 | Windows Windows 10 or Windows Server 2016'),
	('1663724443182174208', NULL, '2023-05-31 09:49:52.437000', 0, NULL, '2023-05-31 09:49:52.437000', 27, '127.0.0.1', '本地测试', '查询单个数据字典的值', '{}', 'GET', '/zwz/dictData/getByType/permission_type', 'admin', 2, 'DICT_DATA-01', 'PC端 | Chrome 113.0.0.0 | Windows Windows 10 or Windows Server 2016'),
	('1663724443194757124', NULL, '2023-05-31 09:49:52.473000', 0, NULL, '2023-05-31 09:49:52.473000', 63, '127.0.0.1', '本地测试', '查询菜单', '{}', 'GET', '/zwz/permission/getMenuList', 'admin', 2, 'PERMISSION-02', 'PC端 | Chrome 113.0.0.0 | Windows Windows 10 or Windows Server 2016'),
	('1663724443370917888', NULL, '2023-05-31 09:49:52.490000', 0, NULL, '2023-05-31 09:49:52.490000', 77, '127.0.0.1', '本地测试', '查询全部菜单', '{}', 'GET', '/zwz/permission/getAllList', 'admin', 2, 'PERMISSION-04', 'PC端 | Chrome 113.0.0.0 | Windows Windows 10 or Windows Server 2016'),
	('1663724447074488325', NULL, '2023-05-31 09:49:53.372000', 0, NULL, '2023-05-31 09:49:53.372000', 27, '127.0.0.1', '本地测试', '查询菜单权限拥有者', '{"permissionId":"56309618086776832"}', 'GET', '/zwz/permission/getUserByPermission', 'admin', 2, 'PERMISSION-01', 'PC端 | Chrome 113.0.0.0 | Windows Windows 10 or Windows Server 2016'),
	('1663724628784320512', NULL, '2023-05-31 09:50:36.715000', 0, NULL, '2023-05-31 09:50:36.715000', 49, '127.0.0.1', '本地测试', '添加菜单', '{"icon":"","type":"1","parentId":"56309618086776832","level":"3","sortOrder":"1","buttonType":"add","status":"0","path":"无","title":"上传文件","name":"","component":""}', 'POST', '/zwz/permission/add', 'admin', 2, 'PERMISSION-06', 'PC端 | Chrome 113.0.0.0 | Windows Windows 10 or Windows Server 2016'),
	('1663724629904199680', NULL, '2023-05-31 09:50:36.955000', 0, NULL, '2023-05-31 09:50:36.955000', 23, '127.0.0.1', '本地测试', '查询菜单', '{}', 'GET', '/zwz/permission/getMenuList', 'admin', 2, 'PERMISSION-02', 'PC端 | Chrome 113.0.0.0 | Windows Windows 10 or Windows Server 2016'),
	('1663724630361378819', NULL, '2023-05-31 09:50:37.064000', 0, NULL, '2023-05-31 09:50:37.064000', 22, '127.0.0.1', '本地测试', '查询单个数据字典的值', '{}', 'GET', '/zwz/dictData/getByType/permission_type', 'admin', 2, 'DICT_DATA-01', 'PC端 | Chrome 113.0.0.0 | Windows Windows 10 or Windows Server 2016'),
	('1663724630432681984', NULL, '2023-05-31 09:50:37.113000', 0, NULL, '2023-05-31 09:50:37.113000', 70, '127.0.0.1', '本地测试', '查询全部菜单', '{}', 'GET', '/zwz/permission/getAllList', 'admin', 2, 'PERMISSION-04', 'PC端 | Chrome 113.0.0.0 | Windows Windows 10 or Windows Server 2016'),
	('1663724665195073536', NULL, '2023-05-31 09:50:45.394000', 0, NULL, '2023-05-31 09:50:45.394000', 49, '127.0.0.1', '本地测试', '添加菜单', '{"icon":"","type":"1","parentId":"56309618086776832","level":"3","sortOrder":"2","buttonType":"delete","status":"0","path":"无","title":"删除文件","name":"","component":""}', 'POST', '/zwz/permission/add', 'admin', 2, 'PERMISSION-06', 'PC端 | Chrome 113.0.0.0 | Windows Windows 10 or Windows Server 2016'),
	('1663724666835046403', NULL, '2023-05-31 09:50:45.755000', 0, NULL, '2023-05-31 09:50:45.755000', 19, '127.0.0.1', '本地测试', '查询单个数据字典的值', '{}', 'GET', '/zwz/dictData/getByType/permission_type', 'admin', 2, 'DICT_DATA-01', 'PC端 | Chrome 113.0.0.0 | Windows Windows 10 or Windows Server 2016'),
	('1663724666839240704', NULL, '2023-05-31 09:50:45.792000', 0, NULL, '2023-05-31 09:50:45.792000', 43, '127.0.0.1', '本地测试', '查询菜单', '{}', 'GET', '/zwz/permission/getMenuList', 'admin', 2, 'PERMISSION-02', 'PC端 | Chrome 113.0.0.0 | Windows Windows 10 or Windows Server 2016'),
	('1663724666897960960', NULL, '2023-05-31 09:50:45.816000', 0, NULL, '2023-05-31 09:50:45.816000', 79, '127.0.0.1', '本地测试', '查询全部菜单', '{}', 'GET', '/zwz/permission/getAllList', 'admin', 2, 'PERMISSION-04', 'PC端 | Chrome 113.0.0.0 | Windows Windows 10 or Windows Server 2016'),
	('1663724670660251652', NULL, '2023-05-31 09:50:46.672000', 0, NULL, '2023-05-31 09:50:46.672000', 23, '127.0.0.1', '本地测试', '查询菜单权限拥有者', '{"permissionId":"41363147411427328"}', 'GET', '/zwz/permission/getUserByPermission', 'admin', 2, 'PERMISSION-01', 'PC端 | Chrome 113.0.0.0 | Windows Windows 10 or Windows Server 2016'),
	('1663724674019889157', NULL, '2023-05-31 09:50:47.472000', 0, NULL, '2023-05-31 09:50:47.472000', 20, '127.0.0.1', '本地测试', '查询菜单权限拥有者', '{"permissionId":"1530689602321518592"}', 'GET', '/zwz/permission/getUserByPermission', 'admin', 2, 'PERMISSION-01', 'PC端 | Chrome 113.0.0.0 | Windows Windows 10 or Windows Server 2016'),
	('1663724779993174016', NULL, '2023-05-31 09:51:12.793000', 0, NULL, '2023-05-31 09:51:12.793000', 70, '127.0.0.1', '本地测试', '添加菜单', '{"icon":"","type":"1","parentId":"1530689602321518592","level":"3","sortOrder":"1","buttonType":"add","status":"0","path":"无","title":"添加数据字典","name":"","component":""}', 'POST', '/zwz/permission/add', 'admin', 2, 'PERMISSION-06', 'PC端 | Chrome 113.0.0.0 | Windows Windows 10 or Windows Server 2016'),
	('1663724781742198789', NULL, '2023-05-31 09:51:13.172000', 0, NULL, '2023-05-31 09:51:13.172000', 39, '127.0.0.1', '本地测试', '查询单个数据字典的值', '{}', 'GET', '/zwz/dictData/getByType/permission_type', 'admin', 2, 'DICT_DATA-01', 'PC端 | Chrome 113.0.0.0 | Windows Windows 10 or Windows Server 2016'),
	('1663724781742198797', NULL, '2023-05-31 09:51:13.214000', 0, NULL, '2023-05-31 09:51:13.214000', 82, '127.0.0.1', '本地测试', '查询菜单', '{}', 'GET', '/zwz/permission/getMenuList', 'admin', 2, 'PERMISSION-02', 'PC端 | Chrome 113.0.0.0 | Windows Windows 10 or Windows Server 2016'),
	('1663724781813501952', NULL, '2023-05-31 09:51:13.214000', 0, NULL, '2023-05-31 09:51:13.214000', 82, '127.0.0.1', '本地测试', '查询全部菜单', '{}', 'GET', '/zwz/permission/getAllList', 'admin', 2, 'PERMISSION-04', 'PC端 | Chrome 113.0.0.0 | Windows Windows 10 or Windows Server 2016'),
	('1663724805117054976', NULL, '2023-05-31 09:51:18.775000', 0, NULL, '2023-05-31 09:51:18.775000', 70, '127.0.0.1', '本地测试', '添加菜单', '{"icon":"","type":"1","parentId":"1530689602321518592","level":"3","sortOrder":"2","buttonType":"edit","status":"0","path":"无","title":"编辑数据字典","name":"","component":""}', 'POST', '/zwz/permission/add', 'admin', 2, 'PERMISSION-06', 'PC端 | Chrome 113.0.0.0 | Windows Windows 10 or Windows Server 2016'),
	('1663724806828331020', NULL, '2023-05-31 09:51:19.155000', 0, NULL, '2023-05-31 09:51:19.155000', 38, '127.0.0.1', '本地测试', '查询单个数据字典的值', '{}', 'GET', '/zwz/dictData/getByType/permission_type', 'admin', 2, 'DICT_DATA-01', 'PC端 | Chrome 113.0.0.0 | Windows Windows 10 or Windows Server 2016'),
	('1663724806828331029', NULL, '2023-05-31 09:51:19.196000', 0, NULL, '2023-05-31 09:51:19.196000', 82, '127.0.0.1', '本地测试', '查询菜单', '{}', 'GET', '/zwz/permission/getMenuList', 'admin', 2, 'PERMISSION-02', 'PC端 | Chrome 113.0.0.0 | Windows Windows 10 or Windows Server 2016'),
	('1663724806912217088', NULL, '2023-05-31 09:51:19.214000', 0, NULL, '2023-05-31 09:51:19.214000', 98, '127.0.0.1', '本地测试', '查询全部菜单', '{}', 'GET', '/zwz/permission/getAllList', 'admin', 2, 'PERMISSION-04', 'PC端 | Chrome 113.0.0.0 | Windows Windows 10 or Windows Server 2016'),
	('1663724828139589632', NULL, '2023-05-31 09:51:24.236000', 0, NULL, '2023-05-31 09:51:24.236000', 43, '127.0.0.1', '本地测试', '添加菜单', '{"icon":"","type":"1","parentId":"1530689602321518592","level":"3","sortOrder":"3","buttonType":"delete","status":"0","path":"无","title":"删除数据字典","name":"","component":""}', 'POST', '/zwz/permission/add', 'admin', 2, 'PERMISSION-06', 'PC端 | Chrome 113.0.0.0 | Windows Windows 10 or Windows Server 2016'),
	('1663724829720842244', NULL, '2023-05-31 09:51:24.608000', 0, NULL, '2023-05-31 09:51:24.608000', 36, '127.0.0.1', '本地测试', '查询单个数据字典的值', '{}', 'GET', '/zwz/dictData/getByType/permission_type', 'admin', 2, 'DICT_DATA-01', 'PC端 | Chrome 113.0.0.0 | Windows Windows 10 or Windows Server 2016'),
	('1663724829725036551', NULL, '2023-05-31 09:51:24.655000', 0, NULL, '2023-05-31 09:51:24.655000', 82, '127.0.0.1', '本地测试', '查询菜单', '{}', 'GET', '/zwz/permission/getMenuList', 'admin', 2, 'PERMISSION-02', 'PC端 | Chrome 113.0.0.0 | Windows Windows 10 or Windows Server 2016'),
	('1663724829817311232', NULL, '2023-05-31 09:51:24.670000', 0, NULL, '2023-05-31 09:51:24.670000', 97, '127.0.0.1', '本地测试', '查询全部菜单', '{}', 'GET', '/zwz/permission/getAllList', 'admin', 2, 'PERMISSION-04', 'PC端 | Chrome 113.0.0.0 | Windows Windows 10 or Windows Server 2016'),
	('1663724960046256128', NULL, '2023-05-31 09:51:55.721000', 0, NULL, '2023-05-31 09:51:55.721000', 80, '127.0.0.1', '本地测试', '查询角色', '{"pageNumber":"1","pageSize":"15","sort":"createTime","order":"desc"}', 'GET', '/zwz/role/getAllByPage', 'admin', 2, 'ROLE-02', 'PC端 | Chrome 113.0.0.0 | Windows Windows 10 or Windows Server 2016'),
	('1663725019093667840', NULL, '2023-05-31 09:52:09.792000', 0, NULL, '2023-05-31 09:52:09.792000', 89, '127.0.0.1', '本地测试', '修改菜单权限', '{"roleId":"1536606659751841799","permIds":"125909152017944576,1464484663442673664,5129710648430593,1663723467998105600,1663723511849553920,1663723538621796352,40238597734928384,1663724125664972800,1663724149731889152,1663724174398590976,5129710648430594,1663724230593875968,1663724255319298048,1663724279579152384,1663724334755221504,5129710648430595,1663724386382909440,1663724413914320896,1663724441433149440,56309618086776832,1663724628767543296,1663724665174102016,41363147411427328,1530689602321518592,1663724779984785408,1663724805096083456,1663724828114423808,1535166438371889152,1536599942410407936,1536600125332393984,1536600268379131904,1536604417711804416,1536606273959759872,1536606372668510208,1536606464712511488,1536606550951596032,1536606637815631872,1536875505901506560"}', 'POST', '/zwz/role/editRolePerm', 'admin', 2, 'ROLE-04', 'PC端 | Chrome 113.0.0.0 | Windows Windows 10 or Windows Server 2016'),
	('1663725020138049548', NULL, '2023-05-31 09:52:10.023000', 0, NULL, '2023-05-31 09:52:10.023000', 68, '127.0.0.1', '本地测试', '查询菜单', '{}', 'GET', '/zwz/permission/getMenuList', 'admin', 2, 'PERMISSION-02', 'PC端 | Chrome 113.0.0.0 | Windows Windows 10 or Windows Server 2016'),
	('1663725020813332480', NULL, '2023-05-31 09:52:10.170000', 0, NULL, '2023-05-31 09:52:10.170000', 43, '127.0.0.1', '本地测试', '查询角色', '{"pageNumber":"1","pageSize":"15","sort":"createTime","order":"desc"}', 'GET', '/zwz/role/getAllByPage', 'admin', 2, 'ROLE-02', 'PC端 | Chrome 113.0.0.0 | Windows Windows 10 or Windows Server 2016'),
	('1663725576407617540', NULL, '2023-05-31 09:54:22.677000', 0, NULL, '2023-05-31 09:54:22.677000', 78, '127.0.0.1', '本地测试', '查询子部门', '{}', 'GET', '/zwz/department/getByParentId', 'admin', 2, 'DEP-01', 'PC端 | Chrome 113.0.0.0 | Windows Windows 10 or Windows Server 2016'),
	('1663725576407617545', NULL, '2023-05-31 09:54:22.677000', 0, NULL, '2023-05-31 09:54:22.677000', 78, '127.0.0.1', '本地测试', '查询用户', '{"pageNumber":"1","pageSize":"10","sort":"createTime","order":"desc","departmentId":""}', 'GET', '/zwz/myUser/getByPage', 'admin', 2, 'USER-01', 'PC端 | Chrome 113.0.0.0 | Windows Windows 10 or Windows Server 2016'),
	('1663725578047590400', NULL, '2023-05-31 09:54:23.014000', 0, NULL, '2023-05-31 09:54:23.014000', 28, '127.0.0.1', '本地测试', '查询子部门', '{}', 'GET', '/zwz/department/getByParentId', 'admin', 2, 'DEP-01', 'PC端 | Chrome 113.0.0.0 | Windows Windows 10 or Windows Server 2016'),
	('1663725622079393792', NULL, '2023-05-31 09:54:33.548000', 0, NULL, '2023-05-31 09:54:33.548000', 67, '127.0.0.1', '本地测试', '查询子部门', '{}', 'GET', '/zwz/department/getByParentId', 'admin', 2, 'DEP-01', 'PC端 | Chrome 113.0.0.0 | Windows Windows 10 or Windows Server 2016'),
	('1663725623052472320', NULL, '2023-05-31 09:54:33.744000', 0, NULL, '2023-05-31 09:54:33.744000', 29, '127.0.0.1', '本地测试', '查询用户', '{"pageNumber":"1","pageSize":"10","sort":"createTime","order":"desc","departmentId":""}', 'GET', '/zwz/myUser/getByPage', 'admin', 2, 'USER-01', 'PC端 | Chrome 113.0.0.0 | Windows Windows 10 or Windows Server 2016'),
	('1663725623337684992', NULL, '2023-05-31 09:54:33.815000', 0, NULL, '2023-05-31 09:54:33.815000', 30, '127.0.0.1', '本地测试', '查询子部门', '{}', 'GET', '/zwz/department/getByParentId', 'admin', 2, 'DEP-01', 'PC端 | Chrome 113.0.0.0 | Windows Windows 10 or Windows Server 2016'),
	('1663725642333687808', NULL, '2023-05-31 09:54:38.345000', 0, NULL, '2023-05-31 09:54:38.345000', 30, '127.0.0.1', '本地测试', '查询菜单', '{}', 'GET', '/zwz/permission/getMenuList', 'admin', 2, 'PERMISSION-02', 'PC端 | Chrome 113.0.0.0 | Windows Windows 10 or Windows Server 2016'),
	('1663725643168354312', NULL, '2023-05-31 09:54:38.560000', 0, NULL, '2023-05-31 09:54:38.560000', 49, '127.0.0.1', '本地测试', '查询用户', '{"pageNumber":"1","pageSize":"10","sort":"createTime","order":"desc","departmentId":""}', 'GET', '/zwz/myUser/getByPage', 'admin', 2, 'USER-01', 'PC端 | Chrome 113.0.0.0 | Windows Windows 10 or Windows Server 2016'),
	('1663725643168354313', NULL, '2023-05-31 09:54:38.560000', 0, NULL, '2023-05-31 09:54:38.560000', 49, '127.0.0.1', '本地测试', '查询子部门', '{}', 'GET', '/zwz/department/getByParentId', 'admin', 2, 'DEP-01', 'PC端 | Chrome 113.0.0.0 | Windows Windows 10 or Windows Server 2016'),
	('1663725644737024005', NULL, '2023-05-31 09:54:38.924000', 0, NULL, '2023-05-31 09:54:38.924000', 33, '127.0.0.1', '本地测试', '查询子部门', '{}', 'GET', '/zwz/department/getByParentId', 'admin', 2, 'DEP-01', 'PC端 | Chrome 113.0.0.0 | Windows Windows 10 or Windows Server 2016'),
	('1663726129892167680', NULL, '2023-05-31 09:56:34.609000', 0, NULL, '2023-05-31 09:56:34.609000', 57, '127.0.0.1', '本地测试', '查询单个数据字典的值', '{}', 'GET', '/zwz/dictData/getByType/permission_type', 'admin', 2, 'DICT_DATA-01', 'PC端 | Chrome 113.0.0.0 | Windows Windows 10 or Windows Server 2016'),
	('1663726137840373762', NULL, '2023-05-31 09:56:36.475000', 0, NULL, '2023-05-31 09:56:36.475000', 23, '127.0.0.1', '本地测试', '查询菜单权限拥有者', '{"permissionId":"56309618086776832"}', 'GET', '/zwz/permission/getUserByPermission', 'admin', 2, 'PERMISSION-01', 'PC端 | Chrome 113.0.0.0 | Windows Windows 10 or Windows Server 2016'),
	('1663726175098376192', NULL, '2023-05-31 09:56:45.396000', 0, NULL, '2023-05-31 09:56:45.396000', 58, '127.0.0.1', '本地测试', '添加菜单', '{"icon":"","type":"1","parentId":"56309618086776832","level":"3","sortOrder":"3","buttonType":"enable","status":"0","path":"无","title":"文件存储配置","name":"","component":""}', 'POST', '/zwz/permission/add', 'admin', 2, 'PERMISSION-06', 'PC端 | Chrome 113.0.0.0 | Windows Windows 10 or Windows Server 2016'),
	('1663726176176312322', NULL, '2023-05-31 09:56:45.615000', 0, NULL, '2023-05-31 09:56:45.615000', 20, '127.0.0.1', '本地测试', '查询菜单', '{}', 'GET', '/zwz/permission/getMenuList', 'admin', 2, 'PERMISSION-02', 'PC端 | Chrome 113.0.0.0 | Windows Windows 10 or Windows Server 2016'),
	('1663726176813846530', NULL, '2023-05-31 09:56:45.778000', 0, NULL, '2023-05-31 09:56:45.778000', 34, '127.0.0.1', '本地测试', '查询单个数据字典的值', '{}', 'GET', '/zwz/dictData/getByType/permission_type', 'admin', 2, 'DICT_DATA-01', 'PC端 | Chrome 113.0.0.0 | Windows Windows 10 or Windows Server 2016'),
	('1663726176893538304', NULL, '2023-05-31 09:56:45.819000', 0, NULL, '2023-05-31 09:56:45.819000', 73, '127.0.0.1', '本地测试', '查询全部菜单', '{}', 'GET', '/zwz/permission/getAllList', 'admin', 2, 'PERMISSION-04', 'PC端 | Chrome 113.0.0.0 | Windows Windows 10 or Windows Server 2016'),
	('1663726177690456102', NULL, '2023-05-31 09:56:45.981000', 0, NULL, '2023-05-31 09:56:45.981000', 32, '127.0.0.1', '本地测试', '查询角色', '{"pageNumber":"1","pageSize":"15","sort":"createTime","order":"desc"}', 'GET', '/zwz/role/getAllByPage', 'admin', 2, 'ROLE-02', 'PC端 | Chrome 113.0.0.0 | Windows Windows 10 or Windows Server 2016'),
	('1663726203980353536', NULL, '2023-05-31 09:56:52.277000', 0, NULL, '2023-05-31 09:56:52.277000', 56, '127.0.0.1', '本地测试', '修改菜单权限', '{"roleId":"1536606659751841799","permIds":"125909152017944576,1464484663442673664,5129710648430593,1663723467998105600,1663723511849553920,1663723538621796352,40238597734928384,1663724125664972800,1663724149731889152,1663724174398590976,5129710648430594,1663724230593875968,1663724255319298048,1663724279579152384,1663724334755221504,5129710648430595,1663724386382909440,1663724413914320896,1663724441433149440,56309618086776832,1663724628767543296,1663724665174102016,1663726175089987584,41363147411427328,1530689602321518592,1663724779984785408,1663724805096083456,1663724828114423808,1535166438371889152,1536599942410407936,1536600125332393984,1536600268379131904,1536604417711804416,1536606273959759872,1536606372668510208,1536606464712511488,1536606550951596032,1536606637815631872,1536875505901506560"}', 'POST', '/zwz/role/editRolePerm', 'admin', 2, 'ROLE-04', 'PC端 | Chrome 113.0.0.0 | Windows Windows 10 or Windows Server 2016'),
	('1663726205037318164', NULL, '2023-05-31 09:56:52.514000', 0, NULL, '2023-05-31 09:56:52.514000', 56, '127.0.0.1', '本地测试', '查询菜单', '{}', 'GET', '/zwz/permission/getMenuList', 'admin', 2, 'PERMISSION-02', 'PC端 | Chrome 113.0.0.0 | Windows Windows 10 or Windows Server 2016'),
	('1663726205628715008', NULL, '2023-05-31 09:56:52.636000', 0, NULL, '2023-05-31 09:56:52.636000', 28, '127.0.0.1', '本地测试', '查询角色', '{"pageNumber":"1","pageSize":"15","sort":"createTime","order":"desc"}', 'GET', '/zwz/role/getAllByPage', 'admin', 2, 'ROLE-02', 'PC端 | Chrome 113.0.0.0 | Windows Windows 10 or Windows Server 2016'),
	('1663726279112921092', NULL, '2023-05-31 09:57:10.204000', 0, NULL, '2023-05-31 09:57:10.204000', 89, '127.0.0.1', '本地测试', '修改菜单权限', '{"roleId":"1536606659751841795","permIds":"125909152017944576,1464484663442673664,5129710648430593,40238597734928384,5129710648430594,5129710648430595,56309618086776832,41363147411427328,1530689602321518592,1535166438371889152,1536599942410407936,1536600125332393984,1536600268379131904,1536604417711804416,1536606273959759872,1536606372668510208,1536606464712511488,1536606550951596032,1536606637815631872,1536875505901506560"}', 'POST', '/zwz/role/editRolePerm', 'admin', 2, 'ROLE-04', 'PC端 | Chrome 113.0.0.0 | Windows Windows 10 or Windows Server 2016'),
	('1663726280870334564', NULL, '2023-05-31 09:57:10.575000', 0, NULL, '2023-05-31 09:57:10.575000', 34, '127.0.0.1', '本地测试', '查询角色', '{"pageNumber":"1","pageSize":"15","sort":"createTime","order":"desc"}', 'GET', '/zwz/role/getAllByPage', 'admin', 2, 'ROLE-02', 'PC端 | Chrome 113.0.0.0 | Windows Windows 10 or Windows Server 2016'),
	('1663726280950026250', NULL, '2023-05-31 09:57:10.635000', 0, NULL, '2023-05-31 09:57:10.635000', 94, '127.0.0.1', '本地测试', '查询菜单', '{}', 'GET', '/zwz/permission/getMenuList', 'admin', 2, 'PERMISSION-02', 'PC端 | Chrome 113.0.0.0 | Windows Windows 10 or Windows Server 2016'),
	('1663726285664423936', NULL, '2023-05-31 09:57:11.728000', 0, NULL, '2023-05-31 09:57:11.728000', 31, '127.0.0.1', '本地测试', '查询菜单', '{}', 'GET', '/zwz/permission/getMenuList', 'admin', 2, 'PERMISSION-02', 'PC端 | Chrome 113.0.0.0 | Windows Windows 10 or Windows Server 2016'),
	('1663726286377455616', NULL, '2023-05-31 09:57:11.899000', 0, NULL, '2023-05-31 09:57:11.899000', 43, '127.0.0.1', '本地测试', '查询角色', '{"pageNumber":"1","pageSize":"15","sort":"createTime","order":"desc"}', 'GET', '/zwz/role/getAllByPage', 'admin', 2, 'ROLE-02', 'PC端 | Chrome 113.0.0.0 | Windows Windows 10 or Windows Server 2016'),
	('1663726291519672320', NULL, '2023-05-31 09:57:13.122000', 0, NULL, '2023-05-31 09:57:13.122000', 27, '127.0.0.1', '本地测试', '查询全部角色', '{}', 'GET', '/zwz/role/getAllList', 'admin', 2, 'ROLE-01', 'PC端 | Chrome 113.0.0.0 | Windows Windows 10 or Windows Server 2016'),
	('1663726291528060928', NULL, '2023-05-31 09:57:13.124000', 0, NULL, '2023-05-31 09:57:13.124000', 29, '127.0.0.1', '本地测试', '查询单个数据字典的值', '{}', 'GET', '/zwz/dictData/getByType/sex', 'admin', 2, 'DICT_DATA-01', 'PC端 | Chrome 113.0.0.0 | Windows Windows 10 or Windows Server 2016'),
	('1663726291536449536', NULL, '2023-05-31 09:57:13.155000', 0, NULL, '2023-05-31 09:57:13.155000', 58, '127.0.0.1', '本地测试', '查询子部门', '{}', 'GET', '/zwz/department/getByParentId', 'admin', 2, 'DEP-01', 'PC端 | Chrome 113.0.0.0 | Windows Windows 10 or Windows Server 2016'),
	('1663726291620335616', NULL, '2023-05-31 09:57:13.175000', 0, NULL, '2023-05-31 09:57:13.175000', 74, '127.0.0.1', '本地测试', '查询用户', '{"nickname":"","departmentId":"","pageNumber":"1","pageSize":"20","sort":"createTime","order":"desc"}', 'GET', '/zwz/user/getUserList', 'admin', 2, 'USER-07', 'PC端 | Chrome 113.0.0.0 | Windows Windows 10 or Windows Server 2016'),
	('1663726291771330566', NULL, '2023-05-31 09:57:13.175000', 0, NULL, '2023-05-31 09:57:13.175000', 20, '127.0.0.1', '本地测试', '查询子部门', '{}', 'GET', '/zwz/department/getByParentId', 'admin', 2, 'DEP-01', 'PC端 | Chrome 113.0.0.0 | Windows Windows 10 or Windows Server 2016'),
	('1663726316769382400', NULL, '2023-05-31 09:57:19.175000', 0, NULL, '2023-05-31 09:57:19.175000', 60, '127.0.0.1', '本地测试', '登录系统', '{"username":"13600000001","password":"","code":"4036","captchaId":"8e8e512b4f884085967a27efab3b58eb","saveLogin":"true"}', 'POST', '/zwz/login', '13600000001', 1, '', 'PC端 | Chrome 113.0.0.0 | Windows Windows 10 or Windows Server 2016'),
	('1663726318111559682', NULL, '2023-05-31 09:57:19.455000', 0, NULL, '2023-05-31 09:57:19.455000', 21, '127.0.0.1', '本地测试', '获取当前登录用户', '{}', 'GET', '/zwz/user/info', '13600000001', 2, 'USER-02', 'PC端 | Chrome 113.0.0.0 | Windows Windows 10 or Windows Server 2016'),
	('1663726319197884416', NULL, '2023-05-31 09:57:19.715000', 0, NULL, '2023-05-31 09:57:19.715000', 39, '127.0.0.1', '本地测试', '查询菜单', '{}', 'GET', '/zwz/permission/getMenuList', '13600000001', 2, 'PERMISSION-02', 'PC端 | Chrome 113.0.0.0 | Windows Windows 10 or Windows Server 2016'),
	('1663726327871705088', NULL, '2023-05-31 09:57:21.788000', 0, NULL, '2023-05-31 09:57:21.788000', 28, '127.0.0.1', '本地测试', '查询菜单', '{}', 'GET', '/zwz/permission/getMenuList', '13600000001', 2, 'PERMISSION-02', 'PC端 | Chrome 113.0.0.0 | Windows Windows 10 or Windows Server 2016'),
	('1663726328794451968', NULL, '2023-05-31 09:57:22.008000', 0, NULL, '2023-05-31 09:57:22.008000', 34, '127.0.0.1', '本地测试', '查询个人门户菜单B', '{}', 'POST', '/zwz/myDoor/getMyDoorList6', '13600000001', 2, 'MY-DOOR-02', 'PC端 | Chrome 113.0.0.0 | Windows Windows 10 or Windows Server 2016'),
	('1663726338407796737', NULL, '2023-05-31 09:57:24.297000', 0, NULL, '2023-05-31 09:57:24.297000', 24, '127.0.0.1', '本地测试', '查询全部角色', '{}', 'GET', '/zwz/role/getAllList', '13600000001', 2, 'ROLE-01', 'PC端 | Chrome 113.0.0.0 | Windows Windows 10 or Windows Server 2016'),
	('1663726338416185344', NULL, '2023-05-31 09:57:24.316000', 0, NULL, '2023-05-31 09:57:24.316000', 44, '127.0.0.1', '本地测试', '查询单个数据字典的值', '{}', 'GET', '/zwz/dictData/getByType/sex', '13600000001', 2, 'DICT_DATA-01', 'PC端 | Chrome 113.0.0.0 | Windows Windows 10 or Windows Server 2016'),
	('1663726338445545473', NULL, '2023-05-31 09:57:24.335000', 0, NULL, '2023-05-31 09:57:24.335000', 62, '127.0.0.1', '本地测试', '查询用户', '{"nickname":"","departmentId":"","pageNumber":"1","pageSize":"20","sort":"createTime","order":"desc"}', 'GET', '/zwz/user/getUserList', '13600000001', 2, 'USER-07', 'PC端 | Chrome 113.0.0.0 | Windows Windows 10 or Windows Server 2016'),
	('1663726338445545474', NULL, '2023-05-31 09:57:24.335000', 0, NULL, '2023-05-31 09:57:24.335000', 65, '127.0.0.1', '本地测试', '查询子部门', '{}', 'GET', '/zwz/department/getByParentId', '13600000001', 2, 'DEP-01', 'PC端 | Chrome 113.0.0.0 | Windows Windows 10 or Windows Server 2016'),
	('1663726340068741123', NULL, '2023-05-31 09:57:24.694000', 0, NULL, '2023-05-31 09:57:24.694000', 25, '127.0.0.1', '本地测试', '查询子部门', '{}', 'GET', '/zwz/department/getByParentId', '13600000001', 2, 'DEP-01', 'PC端 | Chrome 113.0.0.0 | Windows Windows 10 or Windows Server 2016'),
	('1663726352794259459', NULL, '2023-05-31 09:57:27.731000', 0, NULL, '2023-05-31 09:57:27.731000', 29, '127.0.0.1', '本地测试', '查询子部门', '{}', 'GET', '/zwz/department/getByParentId', '13600000001', 2, 'DEP-01', 'PC端 | Chrome 113.0.0.0 | Windows Windows 10 or Windows Server 2016'),
	('1663726353586982912', NULL, '2023-05-31 09:57:27.919000', 0, NULL, '2023-05-31 09:57:27.919000', 34, '127.0.0.1', '本地测试', '查询用户', '{"pageNumber":"1","pageSize":"10","sort":"createTime","order":"desc","departmentId":""}', 'GET', '/zwz/myUser/getByPage', '13600000001', 2, 'USER-01', 'PC端 | Chrome 113.0.0.0 | Windows Windows 10 or Windows Server 2016'),
	('1663726354073522179', NULL, '2023-05-31 09:57:28.035000', 0, NULL, '2023-05-31 09:57:28.035000', 27, '127.0.0.1', '本地测试', '查询子部门', '{}', 'GET', '/zwz/department/getByParentId', '13600000001', 2, 'DEP-01', 'PC端 | Chrome 113.0.0.0 | Windows Windows 10 or Windows Server 2016'),
	('1663726355390533635', NULL, '2023-05-31 09:57:28.350000', 0, NULL, '2023-05-31 09:57:28.350000', 31, '127.0.0.1', '本地测试', '查询子部门', '{}', 'GET', '/zwz/department/getByParentId', '13600000001', 2, 'DEP-01', 'PC端 | Chrome 113.0.0.0 | Windows Windows 10 or Windows Server 2016'),
	('1663726356686573570', NULL, '2023-05-31 09:57:28.659000', 0, NULL, '2023-05-31 09:57:28.659000', 29, '127.0.0.1', '本地测试', '查询单个数据字典的值', '{}', 'GET', '/zwz/dictData/getByType/sex', '13600000001', 2, 'DICT_DATA-01', 'PC端 | Chrome 113.0.0.0 | Windows Windows 10 or Windows Server 2016'),
	('1663726356686573571', NULL, '2023-05-31 09:57:28.657000', 0, NULL, '2023-05-31 09:57:28.657000', 24, '127.0.0.1', '本地测试', '查询全部角色', '{}', 'GET', '/zwz/role/getAllList', '13600000001', 2, 'ROLE-01', 'PC端 | Chrome 113.0.0.0 | Windows Windows 10 or Windows Server 2016'),
	('1663726356720128001', NULL, '2023-05-31 09:57:28.663000', 0, NULL, '2023-05-31 09:57:28.663000', 29, '127.0.0.1', '本地测试', '查询用户', '{"nickname":"","departmentId":"","pageNumber":"1","pageSize":"20","sort":"createTime","order":"desc"}', 'GET', '/zwz/user/getUserList', '13600000001', 2, 'USER-07', 'PC端 | Chrome 113.0.0.0 | Windows Windows 10 or Windows Server 2016'),
	('1663726356829179907', NULL, '2023-05-31 09:57:28.689000', 0, NULL, '2023-05-31 09:57:28.689000', 27, '127.0.0.1', '本地测试', '查询子部门', '{}', 'GET', '/zwz/department/getByParentId', '13600000001', 2, 'DEP-01', 'PC端 | Chrome 113.0.0.0 | Windows Windows 10 or Windows Server 2016'),
	('1663726419626299395', NULL, '2023-05-31 09:57:43.725000', 0, NULL, '2023-05-31 09:57:43.725000', 94, '127.0.0.1', '本地测试', '查询子部门', '{}', 'GET', '/zwz/department/getByParentId', '13600000001', 2, 'DEP-01', 'PC端 | Chrome 113.0.0.0 | Windows Windows 10 or Windows Server 2016'),
	('1663726420330942466', NULL, '2023-05-31 09:57:43.845000', 0, NULL, '2023-05-31 09:57:43.845000', 40, '127.0.0.1', '本地测试', '查询单个数据字典的值', '{}', 'GET', '/zwz/dictData/getByType/sex', '13600000001', 2, 'DICT_DATA-01', 'PC端 | Chrome 113.0.0.0 | Windows Windows 10 or Windows Server 2016'),
	('1663726420523880449', NULL, '2023-05-31 09:57:43.892000', 0, NULL, '2023-05-31 09:57:43.892000', 40, '127.0.0.1', '本地测试', '查询全部角色', '{}', 'GET', '/zwz/role/getAllList', '13600000001', 2, 'ROLE-01', 'PC端 | Chrome 113.0.0.0 | Windows Windows 10 or Windows Server 2016'),
	('1663726420985253890', NULL, '2023-05-31 09:57:44.003000', 0, NULL, '2023-05-31 09:57:44.003000', 50, '127.0.0.1', '本地测试', '查询子部门', '{}', 'GET', '/zwz/department/getByParentId', '13600000001', 2, 'DEP-01', 'PC端 | Chrome 113.0.0.0 | Windows Windows 10 or Windows Server 2016'),
	('1663726421023002624', NULL, '2023-05-31 09:57:44.040000', 0, NULL, '2023-05-31 09:57:44.040000', 86, '127.0.0.1', '本地测试', '查询用户', '{"nickname":"","departmentId":"","pageNumber":"1","pageSize":"20","sort":"createTime","order":"desc"}', 'GET', '/zwz/user/getUserList', '13600000001', 2, 'USER-07', 'PC端 | Chrome 113.0.0.0 | Windows Windows 10 or Windows Server 2016'),
	('1663726431374544898', NULL, '2023-05-31 09:57:46.471000', 0, NULL, '2023-05-31 09:57:46.471000', 47, '127.0.0.1', '本地测试', '查询菜单', '{}', 'GET', '/zwz/permission/getMenuList', '13600000001', 2, 'PERMISSION-02', 'PC端 | Chrome 113.0.0.0 | Windows Windows 10 or Windows Server 2016'),
	('1663726433605914630', NULL, '2023-05-31 09:57:47.017000', 0, NULL, '2023-05-31 09:57:47.017000', 46, '127.0.0.1', '本地测试', '查询全部角色', '{}', 'GET', '/zwz/role/getAllList', '13600000001', 2, 'ROLE-01', 'PC端 | Chrome 113.0.0.0 | Windows Windows 10 or Windows Server 2016'),
	('1663726433668829190', NULL, '2023-05-31 09:57:47.017000', 0, NULL, '2023-05-31 09:57:47.017000', 46, '127.0.0.1', '本地测试', '查询单个数据字典的值', '{}', 'GET', '/zwz/dictData/getByType/sex', '13600000001', 2, 'DICT_DATA-01', 'PC端 | Chrome 113.0.0.0 | Windows Windows 10 or Windows Server 2016'),
	('1663726433668829191', NULL, '2023-05-31 09:57:47.064000', 0, NULL, '2023-05-31 09:57:47.064000', 78, '127.0.0.1', '本地测试', '查询子部门', '{}', 'GET', '/zwz/department/getByParentId', '13600000001', 2, 'DEP-01', 'PC端 | Chrome 113.0.0.0 | Windows Windows 10 or Windows Server 2016'),
	('1663726433668829200', NULL, '2023-05-31 09:57:47.064000', 0, NULL, '2023-05-31 09:57:47.064000', 93, '127.0.0.1', '本地测试', '查询用户', '{"nickname":"","departmentId":"","pageNumber":"1","pageSize":"20","sort":"createTime","order":"desc"}', 'GET', '/zwz/user/getUserList', '13600000001', 2, 'USER-07', 'PC端 | Chrome 113.0.0.0 | Windows Windows 10 or Windows Server 2016'),
	('1663726435241693189', NULL, '2023-05-31 09:57:47.408000', 0, NULL, '2023-05-31 09:57:47.408000', 47, '127.0.0.1', '本地测试', '查询子部门', '{}', 'GET', '/zwz/department/getByParentId', '13600000001', 2, 'DEP-01', 'PC端 | Chrome 113.0.0.0 | Windows Windows 10 or Windows Server 2016'),
	('1663726439121424387', NULL, '2023-05-31 09:57:48.317000', 0, NULL, '2023-05-31 09:57:48.317000', 37, '127.0.0.1', '本地测试', '查询子部门', '{}', 'GET', '/zwz/department/getByParentId', '13600000001', 2, 'DEP-01', 'PC端 | Chrome 113.0.0.0 | Windows Windows 10 or Windows Server 2016'),
	('1663726439830261765', NULL, '2023-05-31 09:57:48.498000', 0, NULL, '2023-05-31 09:57:48.498000', 39, '127.0.0.1', '本地测试', '查询用户', '{"pageNumber":"1","pageSize":"10","sort":"createTime","order":"desc","departmentId":""}', 'GET', '/zwz/myUser/getByPage', '13600000001', 2, 'USER-01', 'PC端 | Chrome 113.0.0.0 | Windows Windows 10 or Windows Server 2016'),
	('1663726440392298499', NULL, '2023-05-31 09:57:48.629000', 0, NULL, '2023-05-31 09:57:48.629000', 40, '127.0.0.1', '本地测试', '查询子部门', '{}', 'GET', '/zwz/department/getByParentId', '13600000001', 2, 'DEP-01', 'PC端 | Chrome 113.0.0.0 | Windows Windows 10 or Windows Server 2016'),
	('1663726447891714048', NULL, '2023-05-31 09:57:50.414000', 0, NULL, '2023-05-31 09:57:50.414000', 49, '127.0.0.1', '本地测试', '查询角色', '{"pageNumber":"1","pageSize":"15","sort":"createTime","order":"desc"}', 'GET', '/zwz/role/getAllByPage', '13600000001', 2, 'ROLE-02', 'PC端 | Chrome 113.0.0.0 | Windows Windows 10 or Windows Server 2016'),
	('1663726453684047922', NULL, '2023-05-31 09:57:51.797000', 0, NULL, '2023-05-31 09:57:51.797000', 40, '127.0.0.1', '本地测试', '查询单个数据字典的值', '{}', 'GET', '/zwz/dictData/getByType/permission_type', '13600000001', 2, 'DICT_DATA-01', 'PC端 | Chrome 113.0.0.0 | Windows Windows 10 or Windows Server 2016'),
	('1663726462156541957', NULL, '2023-05-31 09:57:53.815000', 0, NULL, '2023-05-31 09:57:53.815000', 38, '127.0.0.1', '本地测试', '查询菜单权限拥有者', '{"permissionId":"1663724125664972800"}', 'GET', '/zwz/permission/getUserByPermission', '13600000001', 2, 'PERMISSION-01', 'PC端 | Chrome 113.0.0.0 | Windows Windows 10 or Windows Server 2016'),
	('1663726468418637825', NULL, '2023-05-31 09:57:55.295000', 0, NULL, '2023-05-31 09:57:55.295000', 32, '127.0.0.1', '本地测试', '查询系统文件', '{"name":"","fkey":"","type":"","pageNumber":"1","pageSize":"15","sort":"createTime","order":"desc","startDate":"","endDate":""}', 'GET', '/zwz/file/getByCondition', '13600000001', 2, 'FILE-01', 'PC端 | Chrome 113.0.0.0 | Windows Windows 10 or Windows Server 2016'),
	('1663726469140058112', NULL, '2023-05-31 09:57:55.481000', 0, NULL, '2023-05-31 09:57:55.481000', 38, '127.0.0.1', '本地测试', '查看单个配置', '{"id":"FILE_PATH"}', 'GET', '/zwz/setting/getOne', '13600000001', 2, 'SETTING-01', 'PC端 | Chrome 113.0.0.0 | Windows Windows 10 or Windows Server 2016'),
	('1663726469664346112', NULL, '2023-05-31 09:57:55.608000', 0, NULL, '2023-05-31 09:57:55.608000', 40, '127.0.0.1', '本地测试', '查看单个配置', '{"id":"FILE_HTTP"}', 'GET', '/zwz/setting/getOne', '13600000001', 2, 'SETTING-01', 'PC端 | Chrome 113.0.0.0 | Windows Windows 10 or Windows Server 2016'),
	('1663726469664346113', NULL, '2023-05-31 09:57:55.642000', 0, NULL, '2023-05-31 09:57:55.642000', 74, '127.0.0.1', '本地测试', '查看单个配置', '{"id":"FILE_VIEW"}', 'GET', '/zwz/setting/getOne', '13600000001', 2, 'SETTING-01', 'PC端 | Chrome 113.0.0.0 | Windows Windows 10 or Windows Server 2016'),
	('1663726471304318976', NULL, '2023-05-31 09:57:55.991000', 0, NULL, '2023-05-31 09:57:55.991000', 46, '127.0.0.1', '本地测试', '查询日志', '{"logType":"1","pageNumber":"1","pageSize":"15","startDate":"","endDate":"","sort":"createTime","order":"desc","ipInfo":"","key":""}', 'GET', '/zwz/log/getAllByPage', '13600000001', 2, 'LOG-01', 'PC端 | Chrome 113.0.0.0 | Windows Windows 10 or Windows Server 2016'),
	('1663726477029543936', NULL, '2023-05-31 09:57:57.355000', 0, NULL, '2023-05-31 09:57:57.355000', 34, '127.0.0.1', '本地测试', '查询所有数据字典', '{}', 'GET', '/zwz/dict/getAll', '13600000001', 2, 'DICT-01', 'PC端 | Chrome 113.0.0.0 | Windows Windows 10 or Windows Server 2016'),
	('1663726477750964239', NULL, '2023-05-31 09:57:57.539000', 0, NULL, '2023-05-31 09:57:57.539000', 42, '127.0.0.1', '本地测试', '查询数据字典值', '{"name":"","status":"","pageNumber":"1","pageSize":"10","sort":"sortOrder","order":"asc"}', 'GET', '/zwz/dictData/getByCondition', '13600000001', 2, 'DICT_DATA-02', 'PC端 | Chrome 113.0.0.0 | Windows Windows 10 or Windows Server 2016'),
	('1663726492544274432', NULL, '2023-05-31 09:58:01.055000', 0, NULL, '2023-05-31 09:58:01.055000', 41, '127.0.0.1', '本地测试', '查询个人门户菜单B', '{}', 'POST', '/zwz/myDoor/getMyDoorList6', '13600000001', 2, 'MY-DOOR-02', 'PC端 | Chrome 113.0.0.0 | Windows Windows 10 or Windows Server 2016'),
	('1663726573871828992', NULL, '2023-05-31 09:58:20.497000', 0, NULL, '2023-05-31 09:58:20.497000', 83, '127.0.0.1', '本地测试', '查看单个配置', '{"id":"FILE_PATH"}', 'GET', '/zwz/setting/getOne', '13600000001', 2, 'SETTING-01', 'PC端 | Chrome 113.0.0.0 | Windows Windows 10 or Windows Server 2016'),
	('1663726573871828993', NULL, '2023-05-31 09:58:20.498000', 0, NULL, '2023-05-31 09:58:20.498000', 85, '127.0.0.1', '本地测试', '查看单个配置', '{"id":"FILE_VIEW"}', 'GET', '/zwz/setting/getOne', '13600000001', 2, 'SETTING-01', 'PC端 | Chrome 113.0.0.0 | Windows Windows 10 or Windows Server 2016'),
	('1663726573871828994', NULL, '2023-05-31 09:58:20.498000', 0, NULL, '2023-05-31 09:58:20.498000', 85, '127.0.0.1', '本地测试', '查看单个配置', '{"id":"FILE_HTTP"}', 'GET', '/zwz/setting/getOne', '13600000001', 2, 'SETTING-01', 'PC端 | Chrome 113.0.0.0 | Windows Windows 10 or Windows Server 2016'),
	('1663726573905383424', NULL, '2023-05-31 09:58:20.507000', 0, NULL, '2023-05-31 09:58:20.507000', 94, '127.0.0.1', '本地测试', '查询系统文件', '{"name":"","fkey":"","type":"","pageNumber":"1","pageSize":"15","sort":"createTime","order":"desc","startDate":"","endDate":""}', 'GET', '/zwz/file/getByCondition', '13600000001', 2, 'FILE-01', 'PC端 | Chrome 113.0.0.0 | Windows Windows 10 or Windows Server 2016'),
	('1663726597770973184', NULL, '2023-05-31 09:58:26.177000', 0, NULL, '2023-05-31 09:58:26.177000', 82, '127.0.0.1', '本地测试', '登录系统', '{"username":"admin","password":"","code":"3565","captchaId":"b15f7c8b4f0f4b8487048d4e825750e6","saveLogin":"true"}', 'POST', '/zwz/login', 'admin', 1, '', 'PC端 | Chrome 113.0.0.0 | Windows Windows 10 or Windows Server 2016'),
	('1663726599129927682', NULL, '2023-05-31 09:58:26.475000', 0, NULL, '2023-05-31 09:58:26.475000', 40, '127.0.0.1', '本地测试', '获取当前登录用户', '{}', 'GET', '/zwz/user/info', 'admin', 2, 'USER-02', 'PC端 | Chrome 113.0.0.0 | Windows Windows 10 or Windows Server 2016'),
	('1663726600140754946', NULL, '2023-05-31 09:58:26.715000', 0, NULL, '2023-05-31 09:58:26.715000', 38, '127.0.0.1', '本地测试', '查询菜单', '{}', 'GET', '/zwz/permission/getMenuList', 'admin', 2, 'PERMISSION-02', 'PC端 | Chrome 113.0.0.0 | Windows Windows 10 or Windows Server 2016'),
	('1663726603890462720', NULL, '2023-05-31 09:58:27.608000', 0, NULL, '2023-05-31 09:58:27.608000', 41, '127.0.0.1', '本地测试', '查询菜单', '{}', 'GET', '/zwz/permission/getMenuList', 'admin', 2, 'PERMISSION-02', 'PC端 | Chrome 113.0.0.0 | Windows Windows 10 or Windows Server 2016'),
	('1663726604855152640', NULL, '2023-05-31 09:58:27.839000', 0, NULL, '2023-05-31 09:58:27.839000', 54, '127.0.0.1', '本地测试', '查询个人门户菜单B', '{}', 'POST', '/zwz/myDoor/getMyDoorList6', 'admin', 2, 'MY-DOOR-02', 'PC端 | Chrome 113.0.0.0 | Windows Windows 10 or Windows Server 2016'),
	('1663726615156363314', NULL, '2023-05-31 09:58:30.301000', 0, NULL, '2023-05-31 09:58:30.301000', 43, '127.0.0.1', '本地测试', '查询单个数据字典的值', '{}', 'GET', '/zwz/dictData/getByType/permission_type', 'admin', 2, 'DICT_DATA-01', 'PC端 | Chrome 113.0.0.0 | Windows Windows 10 or Windows Server 2016'),
	('1663726619233226752', NULL, '2023-05-31 09:58:32.277000', 0, NULL, '2023-05-31 09:58:32.277000', 1034, '127.0.0.1', '本地测试', '查看单个配置', '{"id":"FILE_PATH"}', 'GET', '/zwz/setting/getOne', 'admin', 2, 'SETTING-01', 'PC端 | Chrome 113.0.0.0 | Windows Windows 10 or Windows Server 2016'),
	('1663726619266781185', NULL, '2023-05-31 09:58:31.296000', 0, NULL, '2023-05-31 09:58:31.296000', 70, '127.0.0.1', '本地测试', '查询系统文件', '{"name":"","fkey":"","type":"","pageNumber":"1","pageSize":"15","sort":"createTime","order":"desc","startDate":"","endDate":""}', 'GET', '/zwz/file/getByCondition', 'admin', 2, 'FILE-01', 'PC端 | Chrome 113.0.0.0 | Windows Windows 10 or Windows Server 2016'),
	('1663726619711377409', NULL, '2023-05-31 09:58:31.384000', 0, NULL, '2023-05-31 09:58:31.384000', 39, '127.0.0.1', '本地测试', '查看单个配置', '{"id":"FILE_HTTP"}', 'GET', '/zwz/setting/getOne', 'admin', 2, 'SETTING-01', 'PC端 | Chrome 113.0.0.0 | Windows Windows 10 or Windows Server 2016'),
	('1663726620529266688', NULL, '2023-05-31 09:58:31.568000', 0, NULL, '2023-05-31 09:58:31.568000', 33, '127.0.0.1', '本地测试', '查看单个配置', '{"id":"FILE_VIEW"}', 'GET', '/zwz/setting/getOne', 'admin', 2, 'SETTING-01', 'PC端 | Chrome 113.0.0.0 | Windows Windows 10 or Windows Server 2016'),
	('1663726644440993795', NULL, '2023-05-31 09:58:37.277000', 0, NULL, '2023-05-31 09:58:37.277000', 49, '127.0.0.1', '本地测试', '文件上传', '{}', 'POST', '/zwz/upload/file', 'admin', 2, 'FILE-06', 'PC端 | Chrome 113.0.0.0 | Windows Windows 10 or Windows Server 2016'),
	('1663726646047412227', NULL, '2023-05-31 09:58:37.656000', 0, NULL, '2023-05-31 09:58:37.656000', 39, '127.0.0.1', '本地测试', '查询系统文件', '{"name":"","fkey":"","type":"","pageNumber":"1","pageSize":"15","sort":"createTime","order":"desc","startDate":"","endDate":""}', 'GET', '/zwz/file/getByCondition', 'admin', 2, 'FILE-01', 'PC端 | Chrome 113.0.0.0 | Windows Windows 10 or Windows Server 2016'),
	('1663726667237036035', NULL, '2023-05-31 09:58:42.756000', 0, NULL, '2023-05-31 09:58:42.756000', 90, '127.0.0.1', '本地测试', '文件上传', '{}', 'POST', '/zwz/upload/file', 'admin', 2, 'FILE-06', 'PC端 | Chrome 113.0.0.0 | Windows Windows 10 or Windows Server 2016'),
	('1663726669019615239', NULL, '2023-05-31 09:58:43.137000', 0, NULL, '2023-05-31 09:58:43.137000', 40, '127.0.0.1', '本地测试', '查询系统文件', '{"name":"","fkey":"","type":"","pageNumber":"1","pageSize":"15","sort":"createTime","order":"desc","startDate":"","endDate":""}', 'GET', '/zwz/file/getByCondition', 'admin', 2, 'FILE-01', 'PC端 | Chrome 113.0.0.0 | Windows Windows 10 or Windows Server 2016'),
	('1663726703417102336', NULL, '2023-05-31 09:58:51.380000', 0, NULL, '2023-05-31 09:58:51.380000', 89, '127.0.0.1', '本地测试', '文件上传', '{}', 'POST', '/zwz/upload/file', 'admin', 2, 'FILE-06', 'PC端 | Chrome 113.0.0.0 | Windows Windows 10 or Windows Server 2016'),
	('1663726705170321417', NULL, '2023-05-31 09:58:51.757000', 0, NULL, '2023-05-31 09:58:51.757000', 40, '127.0.0.1', '本地测试', '查询系统文件', '{"name":"","fkey":"","type":"","pageNumber":"1","pageSize":"15","sort":"createTime","order":"desc","startDate":"","endDate":""}', 'GET', '/zwz/file/getByCondition', 'admin', 2, 'FILE-01', 'PC端 | Chrome 113.0.0.0 | Windows Windows 10 or Windows Server 2016'),
	('1663727083915972615', NULL, '2023-05-31 10:00:22.106000', 0, NULL, '2023-05-31 10:00:22.106000', 87, '127.0.0.1', '本地测试', '文件上传', '{}', 'POST', '/zwz/upload/file', 'admin', 2, 'FILE-06', 'PC端 | Chrome 113.0.0.0 | Windows Windows 10 or Windows Server 2016'),
	('1663727084918411274', NULL, '2023-05-31 10:00:22.296000', 0, NULL, '2023-05-31 10:00:22.296000', 40, '127.0.0.1', '本地测试', '查询系统文件', '{"name":"","fkey":"","type":"","pageNumber":"1","pageSize":"15","sort":"createTime","order":"desc","startDate":"","endDate":""}', 'GET', '/zwz/file/getByCondition', 'admin', 2, 'FILE-01', 'PC端 | Chrome 113.0.0.0 | Windows Windows 10 or Windows Server 2016'),
	('1663727107987083323', NULL, '2023-05-31 10:00:27.837000', 0, NULL, '2023-05-31 10:00:27.837000', 87, '127.0.0.1', '本地测试', '查询角色', '{"pageNumber":"1","pageSize":"15","sort":"createTime","order":"desc"}', 'GET', '/zwz/role/getAllByPage', 'admin', 2, 'ROLE-02', 'PC端 | Chrome 113.0.0.0 | Windows Windows 10 or Windows Server 2016'),
	('1663727119143931904', NULL, '2023-05-31 10:00:30.452000', 0, NULL, '2023-05-31 10:00:30.452000', 41, '127.0.0.1', '本地测试', '查询子部门', '{}', 'GET', '/zwz/department/getByParentId', 'admin', 2, 'DEP-01', 'PC端 | Chrome 113.0.0.0 | Windows Windows 10 or Windows Server 2016'),
	('1663727119865352197', NULL, '2023-05-31 10:00:30.634000', 0, NULL, '2023-05-31 10:00:30.634000', 44, '127.0.0.1', '本地测试', '查询用户', '{"pageNumber":"1","pageSize":"10","sort":"createTime","order":"desc","departmentId":""}', 'GET', '/zwz/myUser/getByPage', 'admin', 2, 'USER-01', 'PC端 | Chrome 113.0.0.0 | Windows Windows 10 or Windows Server 2016'),
	('1663727120423194624', NULL, '2023-05-31 10:00:30.758000', 0, NULL, '2023-05-31 10:00:30.758000', 40, '127.0.0.1', '本地测试', '查询子部门', '{}', 'GET', '/zwz/department/getByParentId', 'admin', 2, 'DEP-01', 'PC端 | Chrome 113.0.0.0 | Windows Windows 10 or Windows Server 2016'),
	('1663727120628715521', NULL, '2023-05-31 10:00:30.808000', 0, NULL, '2023-05-31 10:00:30.808000', 41, '127.0.0.1', '本地测试', '查询系统文件', '{"name":"","fkey":"","type":"","pageNumber":"1","pageSize":"15","sort":"createTime","order":"desc","startDate":"","endDate":""}', 'GET', '/zwz/file/getByCondition', 'admin', 2, 'FILE-01', 'PC端 | Chrome 113.0.0.0 | Windows Windows 10 or Windows Server 2016'),
	('1663727120825847808', NULL, '2023-05-31 10:00:30.882000', 0, NULL, '2023-05-31 10:00:30.882000', 64, '127.0.0.1', '本地测试', '查看单个配置', '{"id":"FILE_PATH"}', 'GET', '/zwz/setting/getOne', 'admin', 2, 'SETTING-01', 'PC端 | Chrome 113.0.0.0 | Windows Windows 10 or Windows Server 2016'),
	('1663727120825847809', NULL, '2023-05-31 10:00:30.900000', 0, NULL, '2023-05-31 10:00:30.900000', 81, '127.0.0.1', '本地测试', '查看单个配置', '{"id":"FILE_VIEW"}', 'GET', '/zwz/setting/getOne', 'admin', 2, 'SETTING-01', 'PC端 | Chrome 113.0.0.0 | Windows Windows 10 or Windows Server 2016'),
	('1663727120825847810', NULL, '2023-05-31 10:00:30.854000', 0, NULL, '2023-05-31 10:00:30.854000', 37, '127.0.0.1', '本地测试', '查看单个配置', '{"id":"FILE_HTTP"}', 'GET', '/zwz/setting/getOne', 'admin', 2, 'SETTING-01', 'PC端 | Chrome 113.0.0.0 | Windows Windows 10 or Windows Server 2016'),
	('1663727125590577152', NULL, '2023-05-31 10:00:31.991000', 0, NULL, '2023-05-31 10:00:31.991000', 38, '127.0.0.1', '本地测试', '查询全部角色', '{}', 'GET', '/zwz/role/getAllList', 'admin', 2, 'ROLE-01', 'PC端 | Chrome 113.0.0.0 | Windows Windows 10 or Windows Server 2016'),
	('1663727125590577156', NULL, '2023-05-31 10:00:31.986000', 0, NULL, '2023-05-31 10:00:31.986000', 38, '127.0.0.1', '本地测试', '查询子部门', '{}', 'GET', '/zwz/department/getByParentId', 'admin', 2, 'DEP-01', 'PC端 | Chrome 113.0.0.0 | Windows Windows 10 or Windows Server 2016'),
	('1663727125603160064', NULL, '2023-05-31 10:00:32.304000', 0, NULL, '2023-05-31 10:00:32.304000', 351, '127.0.0.1', '本地测试', '查询单个数据字典的值', '{}', 'GET', '/zwz/dictData/getByType/sex', 'admin', 2, 'DICT_DATA-01', 'PC端 | Chrome 113.0.0.0 | Windows Windows 10 or Windows Server 2016'),
	('1663727125653491712', NULL, '2023-05-31 10:00:32.036000', 0, NULL, '2023-05-31 10:00:32.036000', 80, '127.0.0.1', '本地测试', '查询用户', '{"nickname":"","departmentId":"","pageNumber":"1","pageSize":"20","sort":"createTime","order":"desc"}', 'GET', '/zwz/user/getUserList', 'admin', 2, 'USER-07', 'PC端 | Chrome 113.0.0.0 | Windows Windows 10 or Windows Server 2016'),
	('1663727127058583552', NULL, '2023-05-31 10:00:32.340000', 0, NULL, '2023-05-31 10:00:32.340000', 43, '127.0.0.1', '本地测试', '查询子部门', '{}', 'GET', '/zwz/department/getByParentId', 'admin', 2, 'DEP-01', 'PC端 | Chrome 113.0.0.0 | Windows Windows 10 or Windows Server 2016'),
	('1663727136550293504', NULL, '2023-05-31 10:00:34.599000', 0, NULL, '2023-05-31 10:00:34.599000', 41, '127.0.0.1', '本地测试', '查询个人门户菜单B', '{}', 'POST', '/zwz/myDoor/getMyDoorList6', 'admin', 2, 'MY-DOOR-02', 'PC端 | Chrome 113.0.0.0 | Windows Windows 10 or Windows Server 2016'),
	('1663727145916174339', NULL, '2023-05-31 10:00:36.833000', 0, NULL, '2023-05-31 10:00:36.833000', 35, '127.0.0.1', '本地测试', '查询单个数据字典的值', '{}', 'GET', '/zwz/dictData/getByType/sex', 'admin', 2, 'DICT_DATA-01', 'PC端 | Chrome 113.0.0.0 | Windows Windows 10 or Windows Server 2016'),
	('1663727146838921216', NULL, '2023-05-31 10:00:37.058000', 0, NULL, '2023-05-31 10:00:37.058000', 43, '127.0.0.1', '本地测试', '查询学生', '{"pageNumber":"1","pageSize":"15","sort":"createTime","order":"desc"}', 'GET', '/zwz/student/getByPage', 'admin', 3, 'STUDENT-04', 'PC端 | Chrome 113.0.0.0 | Windows Windows 10 or Windows Server 2016'),
	('1663727148168515584', NULL, '2023-05-31 10:00:37.371000', 0, NULL, '2023-05-31 10:00:37.371000', 38, '127.0.0.1', '本地测试', '查询单个数据字典的值', '{}', 'GET', '/zwz/dictData/getByType/education', 'admin', 2, 'DICT_DATA-01', 'PC端 | Chrome 113.0.0.0 | Windows Windows 10 or Windows Server 2016'),
	('1663727148185292800', NULL, '2023-05-31 10:00:37.377000', 0, NULL, '2023-05-31 10:00:37.377000', 43, '127.0.0.1', '本地测试', '查询教师', '{"pageNumber":"1","pageSize":"15","sort":"createTime","order":"desc"}', 'GET', '/zwz/teacher/getByPage', 'admin', 3, 'TEACHER-04', 'PC端 | Chrome 113.0.0.0 | Windows Windows 10 or Windows Server 2016'),
	('1663727154430611456', NULL, '2023-05-31 10:00:38.857000', 0, NULL, '2023-05-31 10:00:38.857000', 35, '127.0.0.1', '本地测试', '查询个人门户菜单B', '{}', 'POST', '/zwz/myDoor/getMyDoorList6', 'admin', 2, 'MY-DOOR-02', 'PC端 | Chrome 113.0.0.0 | Windows Windows 10 or Windows Server 2016'),
	('1663727315357667328', NULL, '2023-05-31 10:01:17.257000', 0, NULL, '2023-05-31 10:01:17.257000', 60, '127.0.0.1', '本地测试', '登录系统', '{"username":"admin","password":"","code":"0285","captchaId":"730a4ea79b3844d0adc1d059bfac80ba","saveLogin":"true"}', 'POST', '/zwz/login', 'admin', 1, '', 'PC端 | Chrome 113.0.0.0 | Windows Windows 10 or Windows Server 2016'),
	('1663727316108447746', NULL, '2023-05-31 10:01:17.412000', 0, NULL, '2023-05-31 10:01:17.412000', 36, '127.0.0.1', '本地测试', '获取当前登录用户', '{}', 'GET', '/zwz/user/info', 'admin', 2, 'USER-02', 'PC端 | Chrome 113.0.0.0 | Windows Windows 10 or Windows Server 2016'),
	('1663727316699844610', NULL, '2023-05-31 10:01:17.536000', 0, NULL, '2023-05-31 10:01:17.536000', 24, '127.0.0.1', '本地测试', '查询菜单', '{}', 'GET', '/zwz/permission/getMenuList', 'admin', 2, 'PERMISSION-02', 'PC端 | Chrome 113.0.0.0 | Windows Windows 10 or Windows Server 2016'),
	('1663727321011589120', NULL, '2023-05-31 10:01:18.567000', 0, NULL, '2023-05-31 10:01:18.567000', 24, '127.0.0.1', '本地测试', '查询菜单', '{}', 'GET', '/zwz/permission/getMenuList', 'admin', 2, 'PERMISSION-02', 'PC端 | Chrome 113.0.0.0 | Windows Windows 10 or Windows Server 2016'),
	('1663727321938530304', NULL, '2023-05-31 10:01:18.789000', 0, NULL, '2023-05-31 10:01:18.789000', 33, '127.0.0.1', '本地测试', '查询个人门户菜单B', '{}', 'POST', '/zwz/myDoor/getMyDoorList6', 'admin', 2, 'MY-DOOR-02', 'PC端 | Chrome 113.0.0.0 | Windows Windows 10 or Windows Server 2016'),
	('1663727386740527104', NULL, '2023-05-31 10:01:34.279000', 0, NULL, '2023-05-31 10:01:34.279000', 65, '127.0.0.1', '本地测试', '查询单个数据字典的值', '{}', 'GET', '/zwz/dictData/getByType/sex', 'admin', 2, 'DICT_DATA-01', 'PC端 | Chrome 113.0.0.0 | Windows Windows 10 or Windows Server 2016'),
	('1663727425667862528', NULL, '2023-05-31 10:01:43.547000', 0, NULL, '2023-05-31 10:01:43.547000', 60, '127.0.0.1', '本地测试', '修改个人门户菜单', '{"str":"user-adminZWZ666department-adminZWZ666file-adminZWZ666role-manageZWZ666menu-manageZWZ666log-manage"}', 'POST', '/zwz/myDoor/setMyDoorList', 'admin', 2, 'MY-DOOR-03', 'PC端 | Chrome 113.0.0.0 | Windows Windows 10 or Windows Server 2016'),
	('1663727429497262081', NULL, '2023-05-31 10:01:44.457000', 0, NULL, '2023-05-31 10:01:44.457000', 53, '127.0.0.1', '本地测试', '查询个人门户菜单B', '{}', 'POST', '/zwz/myDoor/getMyDoorList6', 'admin', 2, 'MY-DOOR-02', 'PC端 | Chrome 113.0.0.0 | Windows Windows 10 or Windows Server 2016'),
	('1663727475873681408', NULL, '2023-05-31 10:01:55.553000', 0, NULL, '2023-05-31 10:01:55.553000', 71, '127.0.0.1', '本地测试', '查询全部角色', '{}', 'GET', '/zwz/role/getAllList', 'admin', 2, 'ROLE-01', 'PC端 | Chrome 113.0.0.0 | Windows Windows 10 or Windows Server 2016'),
	('1663727475877875714', NULL, '2023-05-31 10:01:55.537000', 0, NULL, '2023-05-31 10:01:55.537000', 72, '127.0.0.1', '本地测试', '查询单个数据字典的值', '{}', 'GET', '/zwz/dictData/getByType/sex', 'admin', 2, 'DICT_DATA-01', 'PC端 | Chrome 113.0.0.0 | Windows Windows 10 or Windows Server 2016'),
	('1663727475886264320', NULL, '2023-05-31 10:01:55.537000', 0, NULL, '2023-05-31 10:01:55.537000', 73, '127.0.0.1', '本地测试', '查询子部门', '{}', 'GET', '/zwz/department/getByParentId', 'admin', 2, 'DEP-01', 'PC端 | Chrome 113.0.0.0 | Windows Windows 10 or Windows Server 2016'),
	('1663727475924013056', NULL, '2023-05-31 10:01:55.557000', 0, NULL, '2023-05-31 10:01:55.557000', 87, '127.0.0.1', '本地测试', '查询用户', '{"nickname":"","departmentId":"","pageNumber":"1","pageSize":"20","sort":"createTime","order":"desc"}', 'GET', '/zwz/user/getUserList', 'admin', 2, 'USER-07', 'PC端 | Chrome 113.0.0.0 | Windows Windows 10 or Windows Server 2016'),
	('1663727477576568832', NULL, '2023-05-31 10:01:55.896000', 0, NULL, '2023-05-31 10:01:55.896000', 32, '127.0.0.1', '本地测试', '查询子部门', '{}', 'GET', '/zwz/department/getByParentId', 'admin', 2, 'DEP-01', 'PC端 | Chrome 113.0.0.0 | Windows Windows 10 or Windows Server 2016'),
	('1663727607927148544', NULL, '2023-05-31 10:02:27.054000', 0, NULL, '2023-05-31 10:02:27.054000', 91, '127.0.0.1', '本地测试', '查询单个数据字典的值', '{}', 'GET', '/zwz/dictData/getByType/sex', 'admin', 2, 'DICT_DATA-01', 'PC端 | Chrome 113.0.0.0 | Windows Windows 10 or Windows Server 2016'),
	('1663727608640180229', NULL, '2023-05-31 10:02:27.167000', 0, NULL, '2023-05-31 10:02:27.167000', 43, '127.0.0.1', '本地测试', '查询子部门', '{}', 'GET', '/zwz/department/getByParentId', 'admin', 2, 'DEP-01', 'PC端 | Chrome 113.0.0.0 | Windows Windows 10 or Windows Server 2016'),
	('1663727608975724546', NULL, '2023-05-31 10:02:27.243000', 0, NULL, '2023-05-31 10:02:27.243000', 41, '127.0.0.1', '本地测试', '查询全部角色', '{}', 'GET', '/zwz/role/getAllList', 'admin', 2, 'ROLE-01', 'PC端 | Chrome 113.0.0.0 | Windows Windows 10 or Windows Server 2016'),
	('1663727668492898307', NULL, '2023-05-31 10:02:41.457000', 0, NULL, '2023-05-31 10:02:41.457000', 70, '127.0.0.1', '本地测试', '查询子部门', '{}', 'GET', '/zwz/department/getByParentId', 'admin', 2, 'DEP-01', 'PC端 | Chrome 113.0.0.0 | Windows Windows 10 or Windows Server 2016'),
	('1663727668518064132', NULL, '2023-05-31 10:02:41.457000', 0, NULL, '2023-05-31 10:02:41.457000', 69, '127.0.0.1', '本地测试', '查询用户', '{"pageNumber":"1","pageSize":"10","sort":"createTime","order":"desc","departmentId":""}', 'GET', '/zwz/myUser/getByPage', 'admin', 2, 'USER-01', 'PC端 | Chrome 113.0.0.0 | Windows Windows 10 or Windows Server 2016'),
	('1663727670137065475', NULL, '2023-05-31 10:02:41.817000', 0, NULL, '2023-05-31 10:02:41.817000', 37, '127.0.0.1', '本地测试', '查询子部门', '{}', 'GET', '/zwz/department/getByParentId', 'admin', 2, 'DEP-01', 'PC端 | Chrome 113.0.0.0 | Windows Windows 10 or Windows Server 2016'),
	('1663727719944425472', NULL, '2023-05-31 10:02:53.898000', 0, NULL, '2023-05-31 10:02:53.898000', 245, '127.0.0.1', '本地测试', '查询系统文件', '{"name":"","fkey":"","type":"","pageNumber":"1","pageSize":"15","sort":"createTime","order":"desc","startDate":"","endDate":""}', 'GET', '/zwz/file/getByCondition', 'admin', 2, 'FILE-01', 'PC端 | Chrome 113.0.0.0 | Windows Windows 10 or Windows Server 2016'),
	('1663727721177550851', NULL, '2023-05-31 10:02:54.356000', 0, NULL, '2023-05-31 10:02:54.356000', 405, '127.0.0.1', '本地测试', '查看单个配置', '{"id":"FILE_HTTP"}', 'GET', '/zwz/setting/getOne', 'admin', 2, 'SETTING-01', 'PC端 | Chrome 113.0.0.0 | Windows Windows 10 or Windows Server 2016'),
	('1663727721177550852', NULL, '2023-05-31 10:02:54.005000', 0, NULL, '2023-05-31 10:02:54.005000', 52, '127.0.0.1', '本地测试', '查看单个配置', '{"id":"FILE_VIEW"}', 'GET', '/zwz/setting/getOne', 'admin', 2, 'SETTING-01', 'PC端 | Chrome 113.0.0.0 | Windows Windows 10 or Windows Server 2016'),
	('1663727721177550853', NULL, '2023-05-31 10:02:54.130000', 0, NULL, '2023-05-31 10:02:54.130000', 176, '127.0.0.1', '本地测试', '查看单个配置', '{"id":"FILE_PATH"}', 'GET', '/zwz/setting/getOne', 'admin', 2, 'SETTING-01', 'PC端 | Chrome 113.0.0.0 | Windows Windows 10 or Windows Server 2016'),
	('1663727755604398080', NULL, '2023-05-31 10:03:02.233000', 0, NULL, '2023-05-31 10:03:02.233000', 85, '127.0.0.1', '本地测试', '查询角色', '{"pageNumber":"1","pageSize":"15","sort":"createTime","order":"desc"}', 'GET', '/zwz/role/getAllByPage', 'admin', 2, 'ROLE-02', 'PC端 | Chrome 113.0.0.0 | Windows Windows 10 or Windows Server 2016'),
	('1663727814467260417', NULL, '2023-05-31 10:03:16.274000', 0, NULL, '2023-05-31 10:03:16.274000', 82, '127.0.0.1', '本地测试', '查询单个数据字典的值', '{}', 'GET', '/zwz/dictData/getByType/permission_type', 'admin', 2, 'DICT_DATA-01', 'PC端 | Chrome 113.0.0.0 | Windows Windows 10 or Windows Server 2016'),
	('1663727821895372814', NULL, '2023-05-31 10:03:18.013000', 0, NULL, '2023-05-31 10:03:18.013000', 50, '127.0.0.1', '本地测试', '查询菜单权限拥有者', '{"permissionId":"40238597734928384"}', 'GET', '/zwz/permission/getUserByPermission', 'admin', 2, 'PERMISSION-01', 'PC端 | Chrome 113.0.0.0 | Windows Windows 10 or Windows Server 2016'),
	('1663727841495355400', NULL, '2023-05-31 10:03:22.698000', 0, NULL, '2023-05-31 10:03:22.698000', 75, '127.0.0.1', '本地测试', '查询菜单权限拥有者', '{"permissionId":"56309618086776832"}', 'GET', '/zwz/permission/getUserByPermission', 'admin', 2, 'PERMISSION-01', 'PC端 | Chrome 113.0.0.0 | Windows Windows 10 or Windows Server 2016'),
	('1663727889293643779', NULL, '2023-05-31 10:03:34.098000', 0, NULL, '2023-05-31 10:03:34.098000', 74, '127.0.0.1', '本地测试', '查询日志', '{"logType":"1","pageNumber":"1","pageSize":"15","startDate":"","endDate":"","sort":"createTime","order":"desc","ipInfo":"","key":""}', 'GET', '/zwz/log/getAllByPage', 'admin', 2, 'LOG-01', 'PC端 | Chrome 113.0.0.0 | Windows Windows 10 or Windows Server 2016'),
	('1663727926211907587', NULL, '2023-05-31 10:03:42.878000', 0, NULL, '2023-05-31 10:03:42.878000', 43, '127.0.0.1', '本地测试', '查询所有数据字典', '{}', 'GET', '/zwz/dict/getAll', 'admin', 2, 'DICT-01', 'PC端 | Chrome 113.0.0.0 | Windows Windows 10 or Windows Server 2016'),
	('1663727926891384847', NULL, '2023-05-31 10:03:43.027000', 0, NULL, '2023-05-31 10:03:43.027000', 28, '127.0.0.1', '本地测试', '查询数据字典值', '{"name":"","status":"","pageNumber":"1","pageSize":"10","sort":"sortOrder","order":"asc"}', 'GET', '/zwz/dictData/getByCondition', 'admin', 2, 'DICT_DATA-02', 'PC端 | Chrome 113.0.0.0 | Windows Windows 10 or Windows Server 2016'),
	('1663727998651731968', NULL, '2023-05-31 10:04:00.170000', 0, NULL, '2023-05-31 10:04:00.170000', 64, '127.0.0.1', '本地测试', '查询所有数据字典', '{}', 'GET', '/zwz/dict/getAll', 'admin', 2, 'DICT-01', 'PC端 | Chrome 113.0.0.0 | Windows Windows 10 or Windows Server 2016'),
	('1663727999771611136', NULL, '2023-05-31 10:04:00.398000', 0, NULL, '2023-05-31 10:04:00.398000', 42, '127.0.0.1', '本地测试', '查询数据字典值', '{"name":"","status":"","pageNumber":"1","pageSize":"10","sort":"sortOrder","order":"asc"}', 'GET', '/zwz/dictData/getByCondition', 'admin', 2, 'DICT_DATA-02', 'PC端 | Chrome 113.0.0.0 | Windows Windows 10 or Windows Server 2016'),
	('1663728074610577408', NULL, '2023-05-31 10:04:18.258000', 0, NULL, '2023-05-31 10:04:18.258000', 48, '127.0.0.1', '本地测试', '查询个人门户菜单B', '{}', 'POST', '/zwz/myDoor/getMyDoorList6', 'admin', 2, 'MY-DOOR-02', 'PC端 | Chrome 113.0.0.0 | Windows Windows 10 or Windows Server 2016'),
	('1663728085327024135', NULL, '2023-05-31 10:04:20.798000', 0, NULL, '2023-05-31 10:04:20.798000', 29, '127.0.0.1', '本地测试', '查询学生', '{"pageNumber":"1","pageSize":"15","sort":"createTime","order":"desc"}', 'GET', '/zwz/student/getByPage', 'admin', 3, 'STUDENT-04', 'PC端 | Chrome 113.0.0.0 | Windows Windows 10 or Windows Server 2016'),
	('1663728085327024136', NULL, '2023-05-31 10:04:20.820000', 0, NULL, '2023-05-31 10:04:20.820000', 53, '127.0.0.1', '本地测试', '查询单个数据字典的值', '{}', 'GET', '/zwz/dictData/getByType/sex', 'admin', 2, 'DICT_DATA-01', 'PC端 | Chrome 113.0.0.0 | Windows Windows 10 or Windows Server 2016'),
	('1663728097435979776', NULL, '2023-05-31 10:04:23.682000', 0, NULL, '2023-05-31 10:04:23.682000', 26, '127.0.0.1', '本地测试', '查询菜单', '{}', 'GET', '/zwz/permission/getMenuList', 'admin', 2, 'PERMISSION-02', 'PC端 | Chrome 113.0.0.0 | Windows Windows 10 or Windows Server 2016'),
	('1663728098266451968', NULL, '2023-05-31 10:04:23.884000', 0, NULL, '2023-05-31 10:04:23.884000', 31, '127.0.0.1', '本地测试', '查询单个数据字典的值', '{}', 'GET', '/zwz/dictData/getByType/sex', 'admin', 2, 'DICT_DATA-01', 'PC端 | Chrome 113.0.0.0 | Windows Windows 10 or Windows Server 2016'),
	('1663728098878820352', NULL, '2023-05-31 10:04:24.028000', 0, NULL, '2023-05-31 10:04:24.028000', 27, '127.0.0.1', '本地测试', '查询学生', '{"pageNumber":"1","pageSize":"15","sort":"createTime","order":"desc"}', 'GET', '/zwz/student/getByPage', 'admin', 3, 'STUDENT-04', 'PC端 | Chrome 113.0.0.0 | Windows Windows 10 or Windows Server 2016'),
	('1663728123558105088', NULL, '2023-05-31 10:04:29.940000', 0, NULL, '2023-05-31 10:04:29.940000', 58, '127.0.0.1', '本地测试', '查询菜单', '{}', 'GET', '/zwz/permission/getMenuList', 'admin', 2, 'PERMISSION-02', 'PC端 | Chrome 113.0.0.0 | Windows Windows 10 or Windows Server 2016'),
	('1663728124627652608', NULL, '2023-05-31 10:04:30.166000', 0, NULL, '2023-05-31 10:04:30.166000', 27, '127.0.0.1', '本地测试', '查询单个数据字典的值', '{}', 'GET', '/zwz/dictData/getByType/sex', 'admin', 2, 'DICT_DATA-01', 'PC端 | Chrome 113.0.0.0 | Windows Windows 10 or Windows Server 2016'),
	('1663728124631846916', NULL, '2023-05-31 10:04:30.205000', 0, NULL, '2023-05-31 10:04:30.205000', 65, '127.0.0.1', '本地测试', '查询学生', '{"pageNumber":"1","pageSize":"15","sort":"createTime","order":"desc"}', 'GET', '/zwz/student/getByPage', 'admin', 3, 'STUDENT-04', 'PC端 | Chrome 113.0.0.0 | Windows Windows 10 or Windows Server 2016'),
	('1663728159364878336', NULL, '2023-05-31 10:04:38.475000', 0, NULL, '2023-05-31 10:04:38.475000', 55, '127.0.0.1', '本地测试', '查询菜单', '{}', 'GET', '/zwz/permission/getMenuList', 'admin', 2, 'PERMISSION-02', 'PC端 | Chrome 113.0.0.0 | Windows Windows 10 or Windows Server 2016'),
	('1663728160258265090', NULL, '2023-05-31 10:04:38.658000', 0, NULL, '2023-05-31 10:04:38.658000', 25, '127.0.0.1', '本地测试', '查询单个数据字典的值', '{}', 'GET', '/zwz/dictData/getByType/sex', 'admin', 2, 'DICT_DATA-01', 'PC端 | Chrome 113.0.0.0 | Windows Windows 10 or Windows Server 2016'),
	('1663728160262459392', NULL, '2023-05-31 10:04:38.694000', 0, NULL, '2023-05-31 10:04:38.694000', 61, '127.0.0.1', '本地测试', '查询学生', '{"pageNumber":"1","pageSize":"15","sort":"createTime","order":"desc"}', 'GET', '/zwz/student/getByPage', 'admin', 3, 'STUDENT-04', 'PC端 | Chrome 113.0.0.0 | Windows Windows 10 or Windows Server 2016'),
	('1663728200636829696', NULL, '2023-05-31 10:04:48.338000', 0, NULL, '2023-05-31 10:04:48.338000', 78, '127.0.0.1', '本地测试', '查询单个数据字典的值', '{}', 'GET', '/zwz/dictData/getByType/education', 'admin', 2, 'DICT_DATA-01', 'PC端 | Chrome 113.0.0.0 | Windows Windows 10 or Windows Server 2016'),
	('1663728201391804416', NULL, '2023-05-31 10:04:48.483000', 0, NULL, '2023-05-31 10:04:48.483000', 43, '127.0.0.1', '本地测试', '查询教师', '{"pageNumber":"1","pageSize":"15","sort":"createTime","order":"desc"}', 'GET', '/zwz/teacher/getByPage', 'admin', 3, 'TEACHER-04', 'PC端 | Chrome 113.0.0.0 | Windows Windows 10 or Windows Server 2016'),
	('1663728217149804544', NULL, '2023-05-31 10:04:52.222000', 0, NULL, '2023-05-31 10:04:52.222000', 26, '127.0.0.1', '本地测试', '查询单个数据字典的值', '{}', 'GET', '/zwz/dictData/getByType/occupationStatus', 'admin', 2, 'DICT_DATA-01', 'PC端 | Chrome 113.0.0.0 | Windows Windows 10 or Windows Server 2016'),
	('1663728217149804545', NULL, '2023-05-31 10:04:52.283000', 0, NULL, '2023-05-31 10:04:52.283000', 85, '127.0.0.1', '本地测试', '查询单个数据字典的值', '{}', 'GET', '/zwz/dictData/getByType/education', 'admin', 2, 'DICT_DATA-01', 'PC端 | Chrome 113.0.0.0 | Windows Windows 10 or Windows Server 2016'),
	('1663728328173031427', NULL, '2023-05-31 10:05:18.800000', 0, NULL, '2023-05-31 10:05:18.800000', 136, '127.0.0.1', '本地测试', '文件上传', '{}', 'POST', '/zwz/upload/file', 'admin', 2, 'FILE-06', 'PC端 | Chrome 113.0.0.0 | Windows Windows 10 or Windows Server 2016'),
	('1663728342806958080', NULL, '2023-05-31 10:05:22.200000', 0, NULL, '2023-05-31 10:05:22.200000', 54, '127.0.0.1', '本地测试', '文件上传', '{}', 'POST', '/zwz/upload/file', 'admin', 2, 'FILE-06', 'PC端 | Chrome 113.0.0.0 | Windows Windows 10 or Windows Server 2016'),
	('1663728348758675458', NULL, '2023-05-31 10:05:23.619000', 0, NULL, '2023-05-31 10:05:23.619000', 40, '127.0.0.1', '本地测试', '编辑教师', '{"id":"1536614275123122176","updateBy":"admin","updateTime":"2022-06-14 15:41:09","createBy":"admin","createTime":"2022-06-14 15:39:26","delFlag":"0","name":"张三","education":"博士","age":"30","graduated":"同济大学","wages":"9960","status":"在职","autograph":"http://127.0.0.1:8080/zwz/file/view/1663728328143671296","resume":"http://127.0.0.1:8080/zwz/file/view/1663728342752432128","remark":"测试","_index":"0","_rowKey":"5"}', 'POST', '/zwz/teacher/update', 'admin', 3, 'TEACHER-07', 'PC端 | Chrome 113.0.0.0 | Windows Windows 10 or Windows Server 2016'),
	('1663728349849194502', NULL, '2023-05-31 10:05:23.879000', 0, NULL, '2023-05-31 10:05:23.879000', 40, '127.0.0.1', '本地测试', '查询教师', '{"pageNumber":"1","pageSize":"15","sort":"createTime","order":"desc"}', 'GET', '/zwz/teacher/getByPage', 'admin', 3, 'TEACHER-04', 'PC端 | Chrome 113.0.0.0 | Windows Windows 10 or Windows Server 2016'),
	('1663728595199201280', NULL, '2023-05-31 10:06:22.412000', 0, NULL, '2023-05-31 10:06:22.412000', 81, '127.0.0.1', '本地测试', '查询菜单', '{}', 'GET', '/zwz/permission/getMenuList', 'admin', 2, 'PERMISSION-02', 'PC端 | Chrome 113.0.0.0 | Windows Windows 10 or Windows Server 2016'),
	('1663728596642041856', NULL, '2023-05-31 10:06:22.720000', 0, NULL, '2023-05-31 10:06:22.720000', 45, '127.0.0.1', '本地测试', '查询单个数据字典的值', '{}', 'GET', '/zwz/dictData/getByType/education', 'admin', 2, 'DICT_DATA-01', 'PC端 | Chrome 113.0.0.0 | Windows Windows 10 or Windows Server 2016'),
	('1663728596658819072', NULL, '2023-05-31 10:06:22.771000', 0, NULL, '2023-05-31 10:06:22.771000', 90, '127.0.0.1', '本地测试', '查询教师', '{"pageNumber":"1","pageSize":"15","sort":"createTime","order":"desc"}', 'GET', '/zwz/teacher/getByPage', 'admin', 3, 'TEACHER-04', 'PC端 | Chrome 113.0.0.0 | Windows Windows 10 or Windows Server 2016'),
	('1663728761247502336', NULL, '2023-05-31 10:07:02.019000', 0, NULL, '2023-05-31 10:07:02.019000', 98, '127.0.0.1', '本地测试', '查询图表数据', '{}', 'GET', '/zwz/teacher/getAntvVoList', 'admin', 4, 'CHART-01', 'PC端 | Chrome 113.0.0.0 | Windows Windows 10 or Windows Server 2016'),
	('1663728778884550680', NULL, '2023-05-31 10:07:06.159000', 0, NULL, '2023-05-31 10:07:06.159000', 42, '127.0.0.1', '本地测试', '查询个人门户菜单B', '{}', 'POST', '/zwz/myDoor/getMyDoorList6', 'admin', 2, 'MY-DOOR-02', 'PC端 | Chrome 113.0.0.0 | Windows Windows 10 or Windows Server 2016'),
	('1663728795061981187', NULL, '2023-05-31 10:07:10.020000', 0, NULL, '2023-05-31 10:07:10.020000', 38, '127.0.0.1', '本地测试', '查询单个数据字典的值', '{}', 'GET', '/zwz/dictData/getByType/sex', 'admin', 2, 'DICT_DATA-01', 'PC端 | Chrome 113.0.0.0 | Windows Windows 10 or Windows Server 2016'),
	('1663728874523070464', NULL, '2023-05-31 10:07:28.992000', 0, NULL, '2023-05-31 10:07:28.992000', 62, '127.0.0.1', '本地测试', '查询单个数据字典的值', '{}', 'GET', '/zwz/dictData/getByType/sex', 'admin', 2, 'DICT_DATA-01', 'PC端 | Chrome 113.0.0.0 | Windows Windows 10 or Windows Server 2016'),
	('1663728944442118144', NULL, '2023-05-31 10:07:45.680000', 0, NULL, '2023-05-31 10:07:45.680000', 95, '127.0.0.1', '本地测试', '查询个人门户菜单B', '{}', 'POST', '/zwz/myDoor/getMyDoorList6', 'admin', 2, 'MY-DOOR-02', 'PC端 | Chrome 113.0.0.0 | Windows Windows 10 or Windows Server 2016'),
	('1699590448370290688', NULL, '2023-09-07 09:08:34.729000', 0, NULL, '2023-09-07 09:08:34.729000', 280, '127.0.0.1', '本地测试', '登录系统', '{"username":"admin","password":"","code":"0685","captchaId":"7022331b72d34097a10625d7b4fa8eee","saveLogin":"true"}', 'POST', '/zwz/login', '管理员', 1, '', 'PC端 | Chrome 116.0.0.0 | Windows Windows 10 or Windows Server 2016'),
	('1699590448533868546', NULL, '2023-09-07 09:08:34.729000', 0, NULL, '2023-09-07 09:08:34.729000', 224, '127.0.0.1', '本地测试', '获取当前登录用户', '{}', 'GET', '/zwz/user/info', '管理员', 2, 'USER-02', 'PC端 | Chrome 116.0.0.0 | Windows Windows 10 or Windows Server 2016'),
	('1699590451381800960', NULL, '2023-09-07 09:08:35.152000', 0, NULL, '2023-09-07 09:08:35.152000', 133, '127.0.0.1', '本地测试', '查询菜单', '{}', 'GET', '/zwz/permission/getMenuList', '管理员', 2, 'PERMISSION-02', 'PC端 | Chrome 116.0.0.0 | Windows Windows 10 or Windows Server 2016'),
	('1699590452497485824', NULL, '2023-09-07 09:08:35.425000', 0, NULL, '2023-09-07 09:08:35.425000', 54, '127.0.0.1', '本地测试', '查询个人门户菜单B', '{}', 'POST', '/zwz/myDoor/getMyDoorList6', '管理员', 2, 'MY-DOOR-02', 'PC端 | Chrome 116.0.0.0 | Windows Windows 10 or Windows Server 2016'),
	('1699590461397798917', NULL, '2023-09-07 09:08:37.559000', 0, NULL, '2023-09-07 09:08:37.559000', 29, '127.0.0.1', '本地测试', '查询全部角色', '{}', 'GET', '/zwz/role/getAllList', '管理员', 2, 'ROLE-01', 'PC端 | Chrome 116.0.0.0 | Windows Windows 10 or Windows Server 2016'),
	('1699590461464907776', NULL, '2023-09-07 09:08:37.567000', 0, NULL, '2023-09-07 09:08:37.567000', 44, '127.0.0.1', '本地测试', '查询单个数据字典的值', '{}', 'GET', '/zwz/dictData/getByType/sex', '管理员', 2, 'DICT_DATA-01', 'PC端 | Chrome 116.0.0.0 | Windows Windows 10 or Windows Server 2016'),
	('1699590461540405248', NULL, '2023-09-07 09:08:37.571000', 0, NULL, '2023-09-07 09:08:37.571000', 56, '127.0.0.1', '本地测试', '查询子部门', '{}', 'GET', '/zwz/department/getByParentId', '管理员', 2, 'DEP-01', 'PC端 | Chrome 116.0.0.0 | Windows Windows 10 or Windows Server 2016'),
	('1699590461808840704', NULL, '2023-09-07 09:08:37.631000', 0, NULL, '2023-09-07 09:08:37.631000', 37, '127.0.0.1', '本地测试', '查询子部门', '{}', 'GET', '/zwz/department/getByParentId', '管理员', 2, 'DEP-01', 'PC端 | Chrome 116.0.0.0 | Windows Windows 10 or Windows Server 2016'),
	('1699590461959835648', NULL, '2023-09-07 09:08:37.696000', 0, NULL, '2023-09-07 09:08:37.696000', 158, '127.0.0.1', '本地测试', '查询用户', '{"nickname":"","departmentId":"","pageNumber":"1","pageSize":"20","sort":"createTime","order":"desc"}', 'GET', '/zwz/user/getUserList', '管理员', 2, 'USER-07', 'PC端 | Chrome 116.0.0.0 | Windows Windows 10 or Windows Server 2016'),
	('1699590464388337690', NULL, '2023-09-07 09:08:38.251000', 0, NULL, '2023-09-07 09:08:38.251000', 58, '127.0.0.1', '本地测试', '查询个人门户菜单B', '{}', 'POST', '/zwz/myDoor/getMyDoorList6', '管理员', 2, 'MY-DOOR-02', 'PC端 | Chrome 116.0.0.0 | Windows Windows 10 or Windows Server 2016'),
	('1699590469568303104', NULL, '2023-09-07 09:08:39.493000', 0, NULL, '2023-09-07 09:08:39.493000', 41, '127.0.0.1', '本地测试', '查询角色', '{"pageNumber":"1","pageSize":"15","sort":"createTime","order":"desc"}', 'GET', '/zwz/role/getAllByPage', '管理员', 2, 'ROLE-02', 'PC端 | Chrome 116.0.0.0 | Windows Windows 10 or Windows Server 2016'),
	('1699590471040503808', NULL, '2023-09-07 09:08:39.844000', 0, NULL, '2023-09-07 09:08:39.844000', 83, '127.0.0.1', '本地测试', '查询全部菜单', '{}', 'GET', '/zwz/permission/getAllList', '管理员', 2, 'PERMISSION-04', 'PC端 | Chrome 116.0.0.0 | Windows Windows 10 or Windows Server 2016'),
	('1699590472831471616', NULL, '2023-09-07 09:08:40.273000', 0, NULL, '2023-09-07 09:08:40.273000', 36, '127.0.0.1', '本地测试', '查询单个数据字典的值', '{}', 'GET', '/zwz/dictData/getByType/permission_type', '管理员', 2, 'DICT_DATA-01', 'PC端 | Chrome 116.0.0.0 | Windows Windows 10 or Windows Server 2016'),
	('1699590495258415119', NULL, '2023-09-07 09:08:45.671000', 0, NULL, '2023-09-07 09:08:45.671000', 80, '127.0.0.1', '本地测试', '查询菜单权限拥有者', '{"permissionId":"125909152017944576"}', 'GET', '/zwz/permission/getUserByPermission', '管理员', 2, 'PERMISSION-01', 'PC端 | Chrome 116.0.0.0 | Windows Windows 10 or Windows Server 2016'),
	('1699590515235885056', NULL, '2023-09-07 09:08:50.389000', 0, NULL, '2023-09-07 09:08:50.389000', 34, '127.0.0.1', '本地测试', '编辑菜单', '{"id":"125909152017944576","updateBy":"admin","createBy":"admin","createTime":"2022-03-20 09:46:20","delFlag":"0","name":"zwz","title":"厦门旅游电子商务预订管理系统","level":"0","status":"0","type":"-1","component":"","path":"","icon":"md-home","parentId":"0","buttonType":"","description":"","sortOrder":"1","expand":"true","selected":"true","checked":"false","permTypes":"","nodeKey":"0"}', 'POST', '/zwz/permission/edit', '管理员', 2, 'PERMISSION-07', 'PC端 | Chrome 116.0.0.0 | Windows Windows 10 or Windows Server 2016'),
	('1699590516833914881', NULL, '2023-09-07 09:08:50.767000', 0, NULL, '2023-09-07 09:08:50.767000', 36, '127.0.0.1', '本地测试', '查询单个数据字典的值', '{}', 'GET', '/zwz/dictData/getByType/permission_type', '管理员', 2, 'DICT_DATA-01', 'PC端 | Chrome 116.0.0.0 | Windows Windows 10 or Windows Server 2016'),
	('1699590516951355392', NULL, '2023-09-07 09:08:50.824000', 0, NULL, '2023-09-07 09:08:50.824000', 94, '127.0.0.1', '本地测试', '查询全部菜单', '{}', 'GET', '/zwz/permission/getAllList', '管理员', 2, 'PERMISSION-04', 'PC端 | Chrome 116.0.0.0 | Windows Windows 10 or Windows Server 2016'),
	('1699590516963938304', NULL, '2023-09-07 09:08:50.796000', 0, NULL, '2023-09-07 09:08:50.796000', 63, '127.0.0.1', '本地测试', '查询菜单', '{}', 'GET', '/zwz/permission/getMenuList', '管理员', 2, 'PERMISSION-02', 'PC端 | Chrome 116.0.0.0 | Windows Windows 10 or Windows Server 2016'),
	('1699590545350987776', NULL, '2023-09-07 09:08:57.593000', 0, NULL, '2023-09-07 09:08:57.593000', 65, '127.0.0.1', '本地测试', '编辑菜单', '{"id":"125909152017944576","updateBy":"admin","createBy":"admin","createTime":"2022-03-20 09:46:20","delFlag":"0","name":"zwz","title":"厦门旅游电子商务预订系统","level":"0","status":"0","type":"-1","component":"","path":"","icon":"md-home","parentId":"0","buttonType":"","description":"","sortOrder":"1","expand":"true","selected":"true","checked":"false","permTypes":"","nodeKey":"0"}', 'POST', '/zwz/permission/edit', '管理员', 2, 'PERMISSION-07', 'PC端 | Chrome 116.0.0.0 | Windows Windows 10 or Windows Server 2016'),
	('1699590546999349251', NULL, '2023-09-07 09:08:57.955000', 0, NULL, '2023-09-07 09:08:57.955000', 29, '127.0.0.1', '本地测试', '查询单个数据字典的值', '{}', 'GET', '/zwz/dictData/getByType/permission_type', '管理员', 2, 'DICT_DATA-01', 'PC端 | Chrome 116.0.0.0 | Windows Windows 10 or Windows Server 2016'),
	('1699590547129372672', NULL, '2023-09-07 09:08:57.984000', 0, NULL, '2023-09-07 09:08:57.984000', 59, '127.0.0.1', '本地测试', '查询全部菜单', '{}', 'GET', '/zwz/permission/getAllList', '管理员', 2, 'PERMISSION-04', 'PC端 | Chrome 116.0.0.0 | Windows Windows 10 or Windows Server 2016'),
	('1699590547129372673', NULL, '2023-09-07 09:08:58.016000', 0, NULL, '2023-09-07 09:08:58.016000', 91, '127.0.0.1', '本地测试', '查询菜单', '{}', 'GET', '/zwz/permission/getMenuList', '管理员', 2, 'PERMISSION-02', 'PC端 | Chrome 116.0.0.0 | Windows Windows 10 or Windows Server 2016'),
	('1699590610832461824', NULL, '2023-09-07 09:09:13.225000', 0, NULL, '2023-09-07 09:09:13.225000', 94, '127.0.0.1', '本地测试', '查询菜单', '{}', 'GET', '/zwz/permission/getMenuList', '管理员', 2, 'PERMISSION-02', 'PC端 | Chrome 116.0.0.0 | Windows Windows 10 or Windows Server 2016'),
	('1699590612535349259', NULL, '2023-09-07 09:09:13.584000', 0, NULL, '2023-09-07 09:09:13.584000', 32, '127.0.0.1', '本地测试', '查询单个数据字典的值', '{}', 'GET', '/zwz/dictData/getByType/permission_type', '管理员', 2, 'DICT_DATA-01', 'PC端 | Chrome 116.0.0.0 | Windows Windows 10 or Windows Server 2016'),
	('1699590662925717504', NULL, '2023-09-07 09:09:25.637000', 0, NULL, '2023-09-07 09:09:25.637000', 84, '127.0.0.1', '本地测试', '查询角色', '{"pageNumber":"1","pageSize":"15","sort":"createTime","order":"desc"}', 'GET', '/zwz/role/getAllByPage', '管理员', 2, 'ROLE-02', 'PC端 | Chrome 116.0.0.0 | Windows Windows 10 or Windows Server 2016'),
	('1699590726633000960', NULL, '2023-09-07 09:09:40.829000', 0, NULL, '2023-09-07 09:09:40.829000', 124, '127.0.0.1', '本地测试', '修改菜单权限', '{"roleId":"1536606659751841799","permIds":"125909152017944576,1464484663442673664,5129710648430593,1663723467998105600,1663723511849553920,1663723538621796352,40238597734928384,1663724125664972800,1663724149731889152,1663724174398590976,5129710648430594,1663724230593875968,1663724255319298048,1663724279579152384,1663724334755221504,5129710648430595,1663724386382909440,1663724413914320896,1663724441433149440,56309618086776832,1663724628767543296,1663724665174102016,1663726175089987584,41363147411427328,1530689602321518592,1663724779984785408,1663724805096083456,1663724828114423808,1535166438371889152,1613453248897880064,1613453326115016704,1613453414614831104,1613743852521394176,1613743892446973952,1613743923535155200,1613763619357593600,1613764221353463808,1613453528385327104,1613453626955665408,1613743970440056832,1613744003046576128,1613744038496833536,1613453725798633472,1613744087406612480,1613744119610478592,1613744150182760448,1613453827414036480,1613453915876102144,1613454009883037696,1536599942410407936,1536600125332393984,1536600268379131904,1536604417711804416,1536606273959759872,1536606372668510208,1536606464712511488,1536606550951596032,1536606637815631872,1536875505901506560"}', 'POST', '/zwz/role/editRolePerm', '管理员', 2, 'ROLE-04', 'PC端 | Chrome 116.0.0.0 | Windows Windows 10 or Windows Server 2016'),
	('1699590727799017472', NULL, '2023-09-07 09:09:41.068000', 0, NULL, '2023-09-07 09:09:41.068000', 101, '127.0.0.1', '本地测试', '查询菜单', '{}', 'GET', '/zwz/permission/getMenuList', '管理员', 2, 'PERMISSION-02', 'PC端 | Chrome 116.0.0.0 | Windows Windows 10 or Windows Server 2016'),
	('1699590728402997248', NULL, '2023-09-07 09:09:41.213000', 0, NULL, '2023-09-07 09:09:41.213000', 43, '127.0.0.1', '本地测试', '查询角色', '{"pageNumber":"1","pageSize":"15","sort":"createTime","order":"desc"}', 'GET', '/zwz/role/getAllByPage', '管理员', 2, 'ROLE-02', 'PC端 | Chrome 116.0.0.0 | Windows Windows 10 or Windows Server 2016'),
	('1699590829343117312', NULL, '2023-09-07 09:10:05.311000', 0, NULL, '2023-09-07 09:10:05.311000', 98, '127.0.0.1', '本地测试', '修改菜单权限', '{"roleId":"1536606659751841795","permIds":"125909152017944576,1613453248897880064,1613453414614831104,1613763619357593600,1613764221353463808,1613453528385327104,1613453626955665408,1613453725798633472,1613453827414036480,1613453915876102144,1613454009883037696"}', 'POST', '/zwz/role/editRolePerm', '管理员', 2, 'ROLE-04', 'PC端 | Chrome 116.0.0.0 | Windows Windows 10 or Windows Server 2016'),
	('1699590831046004736', NULL, '2023-09-07 09:10:05.684000', 0, NULL, '2023-09-07 09:10:05.684000', 36, '127.0.0.1', '本地测试', '查询角色', '{"pageNumber":"1","pageSize":"15","sort":"createTime","order":"desc"}', 'GET', '/zwz/role/getAllByPage', '管理员', 2, 'ROLE-02', 'PC端 | Chrome 116.0.0.0 | Windows Windows 10 or Windows Server 2016'),
	('1699590831230554112', NULL, '2023-09-07 09:10:05.722000', 0, NULL, '2023-09-07 09:10:05.722000', 82, '127.0.0.1', '本地测试', '查询菜单', '{}', 'GET', '/zwz/permission/getMenuList', '管理员', 2, 'PERMISSION-02', 'PC端 | Chrome 116.0.0.0 | Windows Windows 10 or Windows Server 2016'),
	('1699591095308128256', NULL, '2023-09-07 09:11:08.999000', 0, NULL, '2023-09-07 09:11:08.999000', 303, '127.0.0.1', '本地测试', '查询菜单', '{}', 'GET', '/zwz/permission/getMenuList', '管理员', 2, 'PERMISSION-02', 'PC端 | Chrome 116.0.0.0 | Windows Windows 10 or Windows Server 2016'),
	('1699591097761796096', NULL, '2023-09-07 09:11:09.268000', 0, NULL, '2023-09-07 09:11:09.268000', 145, '127.0.0.1', '本地测试', '查询角色', '{"pageNumber":"1","pageSize":"15","sort":"createTime","order":"desc"}', 'GET', '/zwz/role/getAllByPage', '管理员', 2, 'ROLE-02', 'PC端 | Chrome 116.0.0.0 | Windows Windows 10 or Windows Server 2016'),
	('1699591099854753792', NULL, '2023-09-07 09:11:09.774000', 0, NULL, '2023-09-07 09:11:09.774000', 44, '127.0.0.1', '本地测试', '查询菜单', '{}', 'GET', '/zwz/permission/getMenuList', '管理员', 2, 'PERMISSION-02', 'PC端 | Chrome 116.0.0.0 | Windows Windows 10 or Windows Server 2016'),
	('1699591100387430400', NULL, '2023-09-07 09:11:09.943000', 0, NULL, '2023-09-07 09:11:09.943000', 95, '127.0.0.1', '本地测试', '查询个人门户菜单B', '{}', 'POST', '/zwz/myDoor/getMyDoorList6', '管理员', 2, 'MY-DOOR-02', 'PC端 | Chrome 116.0.0.0 | Windows Windows 10 or Windows Server 2016'),
	('1699591113393967105', NULL, '2023-09-07 09:11:13.052000', 0, NULL, '2023-09-07 09:11:13.052000', 83, '127.0.0.1', '本地测试', '查询单个数据字典的值', '{}', 'GET', '/zwz/dictData/getByType/spot_type_status', '管理员', 2, 'DICT_DATA-01', 'PC端 | Chrome 116.0.0.0 | Windows Windows 10 or Windows Server 2016'),
	('1699591688252690432', NULL, '2023-09-07 09:13:30.091000', 0, NULL, '2023-09-07 09:13:30.091000', 72, '127.0.0.1', '本地测试', '查询单个数据字典的值', '{}', 'GET', '/zwz/dictData/getByType/spot_star', '管理员', 2, 'DICT_DATA-01', 'PC端 | Chrome 116.0.0.0 | Windows Windows 10 or Windows Server 2016'),
	('1699592632134668288', NULL, '2023-09-07 09:17:15.159000', 0, NULL, '2023-09-07 09:17:15.159000', 100, '127.0.0.1', '本地测试', '查询菜单', '{}', 'GET', '/zwz/permission/getMenuList', '管理员', 2, 'PERMISSION-02', 'PC端 | Chrome 116.0.0.0 | Windows Windows 10 or Windows Server 2016'),
	('1699592633271324672', NULL, '2023-09-07 09:17:15.371000', 0, NULL, '2023-09-07 09:17:15.371000', 40, '127.0.0.1', '本地测试', '查询单个数据字典的值', '{}', 'GET', '/zwz/dictData/getByType/spot_star', '管理员', 2, 'DICT_DATA-01', 'PC端 | Chrome 116.0.0.0 | Windows Windows 10 or Windows Server 2016'),
	('1699592742927208450', NULL, '2023-09-07 09:17:41.553000', 0, NULL, '2023-09-07 09:17:41.553000', 80, '127.0.0.1', '本地测试', '查询单个数据字典的值', '{}', 'GET', '/zwz/dictData/getByType/spot_star', '管理员', 2, 'DICT_DATA-01', 'PC端 | Chrome 116.0.0.0 | Windows Windows 10 or Windows Server 2016'),
	('1699592767954620416', NULL, '2023-09-07 09:17:47.533000', 0, NULL, '2023-09-07 09:17:47.533000', 94, '127.0.0.1', '本地测试', '查询单个数据字典的值', '{}', 'GET', '/zwz/dictData/getByType/spot_star', '管理员', 2, 'DICT_DATA-01', 'PC端 | Chrome 116.0.0.0 | Windows Windows 10 or Windows Server 2016'),
	('1699592807943114752', NULL, '2023-09-07 09:17:57.037000', 0, NULL, '2023-09-07 09:17:57.037000', 64, '127.0.0.1', '本地测试', '查询单个数据字典的值', '{}', 'GET', '/zwz/dictData/getByType/spot_star', '管理员', 2, 'DICT_DATA-01', 'PC端 | Chrome 116.0.0.0 | Windows Windows 10 or Windows Server 2016'),
	('1699592842449653762', NULL, '2023-09-07 09:18:05.277000', 0, NULL, '2023-09-07 09:18:05.277000', 73, '127.0.0.1', '本地测试', '查询单个数据字典的值', '{}', 'GET', '/zwz/dictData/getByType/spot_star', '管理员', 2, 'DICT_DATA-01', 'PC端 | Chrome 116.0.0.0 | Windows Windows 10 or Windows Server 2016'),
	('1699593077523615744', NULL, '2023-09-07 09:19:01.339000', 0, NULL, '2023-09-07 09:19:01.339000', 86, '127.0.0.1', '本地测试', '查询全部角色', '{}', 'GET', '/zwz/role/getAllList', '管理员', 2, 'ROLE-01', 'PC端 | Chrome 116.0.0.0 | Windows Windows 10 or Windows Server 2016'),
	('1699593077527810049', NULL, '2023-09-07 09:19:01.332000', 0, NULL, '2023-09-07 09:19:01.332000', 81, '127.0.0.1', '本地测试', '查询单个数据字典的值', '{}', 'GET', '/zwz/dictData/getByType/sex', '管理员', 2, 'DICT_DATA-01', 'PC端 | Chrome 116.0.0.0 | Windows Windows 10 or Windows Server 2016'),
	('1699593077565558787', NULL, '2023-09-07 09:19:01.334000', 0, NULL, '2023-09-07 09:19:01.334000', 83, '127.0.0.1', '本地测试', '查询子部门', '{}', 'GET', '/zwz/department/getByParentId', '管理员', 2, 'DEP-01', 'PC端 | Chrome 116.0.0.0 | Windows Windows 10 or Windows Server 2016'),
	('1699593077712359424', NULL, '2023-09-07 09:19:01.372000', 0, NULL, '2023-09-07 09:19:01.372000', 84, '127.0.0.1', '本地测试', '查询用户', '{"nickname":"","departmentId":"","pageNumber":"1","pageSize":"20","sort":"createTime","order":"desc"}', 'GET', '/zwz/user/getUserList', '管理员', 2, 'USER-07', 'PC端 | Chrome 116.0.0.0 | Windows Windows 10 or Windows Server 2016'),
	('1699593078857404416', NULL, '2023-09-07 09:19:01.603000', 0, NULL, '2023-09-07 09:19:01.603000', 43, '127.0.0.1', '本地测试', '查询子部门', '{}', 'GET', '/zwz/department/getByParentId', '管理员', 2, 'DEP-01', 'PC端 | Chrome 116.0.0.0 | Windows Windows 10 or Windows Server 2016'),
	('1699593104513961984', NULL, '2023-09-07 09:19:07.745000', 0, NULL, '2023-09-07 09:19:07.745000', 69, '127.0.0.1', '本地测试', '登录系统', '{"username":"13600000001","password":"","code":"7086","captchaId":"89fec92652bf42f9a58619ecfca87d1c","saveLogin":"true"}', 'POST', '/zwz/login', '用户A', 1, '', 'PC端 | Chrome 116.0.0.0 | Windows Windows 10 or Windows Server 2016'),
	('1699593105923248128', NULL, '2023-09-07 09:19:08.053000', 0, NULL, '2023-09-07 09:19:08.053000', 43, '127.0.0.1', '本地测试', '获取当前登录用户', '{}', 'GET', '/zwz/user/info', '用户A', 2, 'USER-02', 'PC端 | Chrome 116.0.0.0 | Windows Windows 10 or Windows Server 2016'),
	('1699593107089264640', NULL, '2023-09-07 09:19:08.329000', 0, NULL, '2023-09-07 09:19:08.329000', 63, '127.0.0.1', '本地测试', '查询菜单', '{}', 'GET', '/zwz/permission/getMenuList', '用户A', 2, 'PERMISSION-02', 'PC端 | Chrome 116.0.0.0 | Windows Windows 10 or Windows Server 2016'),
	('1699593109635207168', NULL, '2023-09-07 09:19:08.935000', 0, NULL, '2023-09-07 09:19:08.935000', 30, '127.0.0.1', '本地测试', '查询菜单', '{}', 'GET', '/zwz/permission/getMenuList', '用户A', 2, 'PERMISSION-02', 'PC端 | Chrome 116.0.0.0 | Windows Windows 10 or Windows Server 2016'),
	('1699593109865893888', NULL, '2023-09-07 09:19:08.992000', 0, NULL, '2023-09-07 09:19:08.992000', 33, '127.0.0.1', '本地测试', '查询个人门户菜单B', '{}', 'POST', '/zwz/myDoor/getMyDoorList6', '用户A', 2, 'MY-DOOR-02', 'PC端 | Chrome 116.0.0.0 | Windows Windows 10 or Windows Server 2016'),
	('1699593115813416966', NULL, '2023-09-07 09:19:10.413000', 0, NULL, '2023-09-07 09:19:10.413000', 34, '127.0.0.1', '本地测试', '查询单个数据字典的值', '{}', 'GET', '/zwz/dictData/getByType/spot_star', '用户A', 2, 'DICT_DATA-01', 'PC端 | Chrome 116.0.0.0 | Windows Windows 10 or Windows Server 2016'),
	('1699593269928923139', NULL, '2023-09-07 09:19:47.217000', 0, NULL, '2023-09-07 09:19:47.217000', 94, '127.0.0.1', '本地测试', '查询单个数据字典的值', '{}', 'GET', '/zwz/dictData/getByType/out_way', '用户A', 2, 'DICT_DATA-01', 'PC端 | Chrome 116.0.0.0 | Windows Windows 10 or Windows Server 2016'),
	('1699593432101687296', NULL, '2023-09-07 09:20:25.859000', 0, NULL, '2023-09-07 09:20:25.859000', 72, '127.0.0.1', '本地测试', '查询菜单', '{}', 'GET', '/zwz/permission/getMenuList', '用户A', 2, 'PERMISSION-02', 'PC端 | Chrome 116.0.0.0 | Windows Windows 10 or Windows Server 2016'),
	('1699593508668706816', NULL, '2023-09-07 09:20:44.112000', 0, NULL, '2023-09-07 09:20:44.112000', 70, '127.0.0.1', '本地测试', '查询个人门户菜单B', '{}', 'POST', '/zwz/myDoor/getMyDoorList6', '用户A', 2, 'MY-DOOR-02', 'PC端 | Chrome 116.0.0.0 | Windows Windows 10 or Windows Server 2016'),
	('1699593536724406272', NULL, '2023-09-07 09:20:50.810000', 0, NULL, '2023-09-07 09:20:50.810000', 75, '127.0.0.1', '本地测试', '登录系统', '{"username":"13600000002","password":"","code":"6532","captchaId":"83db41ea8f594f76a72d424c9587b390","saveLogin":"true"}', 'POST', '/zwz/login', '用户B', 1, '', 'PC端 | Chrome 116.0.0.0 | Windows Windows 10 or Windows Server 2016'),
	('1699593536766349312', NULL, '2023-09-07 09:20:50.812000', 0, NULL, '2023-09-07 09:20:50.812000', 69, '127.0.0.1', '本地测试', '获取当前登录用户', '{}', 'GET', '/zwz/user/info', '用户B', 2, 'USER-02', 'PC端 | Chrome 116.0.0.0 | Windows Windows 10 or Windows Server 2016'),
	('1699593538603454464', NULL, '2023-09-07 09:20:51.209000', 0, NULL, '2023-09-07 09:20:51.209000', 49, '127.0.0.1', '本地测试', '查询菜单', '{}', 'GET', '/zwz/permission/getMenuList', '用户B', 2, 'PERMISSION-02', 'PC端 | Chrome 116.0.0.0 | Windows Windows 10 or Windows Server 2016'),
	('1699593538922221568', NULL, '2023-09-07 09:20:51.286000', 0, NULL, '2023-09-07 09:20:51.286000', 33, '127.0.0.1', '本地测试', '查询个人门户菜单B', '{}', 'POST', '/zwz/myDoor/getMyDoorList6', '用户B', 2, 'MY-DOOR-02', 'PC端 | Chrome 116.0.0.0 | Windows Windows 10 or Windows Server 2016'),
	('1699593545842823168', NULL, '2023-09-07 09:20:52.932000', 0, NULL, '2023-09-07 09:20:52.932000', 29, '127.0.0.1', '本地测试', '查询单个数据字典的值', '{}', 'GET', '/zwz/dictData/getByType/spot_star', '用户B', 2, 'DICT_DATA-01', 'PC端 | Chrome 116.0.0.0 | Windows Windows 10 or Windows Server 2016'),
	('1699593777020276737', NULL, '2023-09-07 09:21:48.097000', 0, NULL, '2023-09-07 09:21:48.097000', 74, '127.0.0.1', '本地测试', '查询个人门户菜单B', '{}', 'POST', '/zwz/myDoor/getMyDoorList6', '用户B', 2, 'MY-DOOR-02', 'PC端 | Chrome 116.0.0.0 | Windows Windows 10 or Windows Server 2016'),
	('1699593791914250240', NULL, '2023-09-07 09:21:51.605000', 0, NULL, '2023-09-07 09:21:51.605000', 32, '127.0.0.1', '本地测试', '登录系统', '{"username":"admin","password":"","code":"6378","captchaId":"a9a2134c1c5b4de981c7864f2f242716","saveLogin":"true"}', 'POST', '/zwz/login', '管理员', 1, '', 'PC端 | Chrome 116.0.0.0 | Windows Windows 10 or Windows Server 2016'),
	('1699593791956193280', NULL, '2023-09-07 09:21:51.604000', 0, NULL, '2023-09-07 09:21:51.604000', 20, '127.0.0.1', '本地测试', '获取当前登录用户', '{}', 'GET', '/zwz/user/info', '管理员', 2, 'USER-02', 'PC端 | Chrome 116.0.0.0 | Windows Windows 10 or Windows Server 2016'),
	('1699593792165908480', NULL, '2023-09-07 09:21:51.664000', 0, NULL, '2023-09-07 09:21:51.664000', 38, '127.0.0.1', '本地测试', '查询菜单', '{}', 'GET', '/zwz/permission/getMenuList', '管理员', 2, 'PERMISSION-02', 'PC端 | Chrome 116.0.0.0 | Windows Windows 10 or Windows Server 2016'),
	('1699593797324902400', NULL, '2023-09-07 09:21:52.896000', 0, NULL, '2023-09-07 09:21:52.896000', 33, '127.0.0.1', '本地测试', '查询菜单', '{}', 'GET', '/zwz/permission/getMenuList', '管理员', 2, 'PERMISSION-02', 'PC端 | Chrome 116.0.0.0 | Windows Windows 10 or Windows Server 2016'),
	('1699593797865967616', NULL, '2023-09-07 09:21:53.027000', 0, NULL, '2023-09-07 09:21:53.027000', 37, '127.0.0.1', '本地测试', '查询个人门户菜单B', '{}', 'POST', '/zwz/myDoor/getMyDoorList6', '管理员', 2, 'MY-DOOR-02', 'PC端 | Chrome 116.0.0.0 | Windows Windows 10 or Windows Server 2016'),
	('1699593811128356864', NULL, '2023-09-07 09:21:56.187000', 0, NULL, '2023-09-07 09:21:56.187000', 40, '127.0.0.1', '本地测试', '查询角色', '{"pageNumber":"1","pageSize":"15","sort":"createTime","order":"desc"}', 'GET', '/zwz/role/getAllByPage', '管理员', 2, 'ROLE-02', 'PC端 | Chrome 116.0.0.0 | Windows Windows 10 or Windows Server 2016'),
	('1699593834025062400', NULL, '2023-09-07 09:22:01.666000', 0, NULL, '2023-09-07 09:22:01.666000', 55, '127.0.0.1', '本地测试', '编辑角色', '{"id":"1536606659751841795","updateBy":"admin","updateTime":"2022-03-20 09:46:20","createBy":"","createTime":"2022-03-20 09:46:20","delFlag":"0","name":"ROLE_USER","dataType":"0","defaultRole":"true","description":"游客","_index":"0","_rowKey":"1"}', 'POST', '/zwz/role/edit', '管理员', 2, 'ROLE-06', 'PC端 | Chrome 116.0.0.0 | Windows Windows 10 or Windows Server 2016'),
	('1699593834385772544', NULL, '2023-09-07 09:22:01.722000', 0, NULL, '2023-09-07 09:22:01.722000', 32, '127.0.0.1', '本地测试', '查询角色', '{"pageNumber":"1","pageSize":"15","sort":"createTime","order":"desc"}', 'GET', '/zwz/role/getAllByPage', '管理员', 2, 'ROLE-02', 'PC端 | Chrome 116.0.0.0 | Windows Windows 10 or Windows Server 2016'),
	('1699597403360989184', NULL, '2023-09-07 09:36:13.028000', 0, NULL, '2023-09-07 09:36:13.028000', 391, '127.0.0.1', '本地测试', '查询个人门户菜单B', '{}', 'POST', '/zwz/myDoor/getMyDoorList6', '管理员', 2, 'MY-DOOR-02', 'PC端 | Chrome 116.0.0.0 | Windows Windows 10 or Windows Server 2016'),
	('1699597799894683648', NULL, '2023-09-07 09:37:47.234000', 0, NULL, '2023-09-07 09:37:47.234000', 94, '127.0.0.1', '本地测试', '登录系统', '{"username":"admin","password":"","code":"1656","captchaId":"044d28ae90b24a2bb18188f65c4bdb97","saveLogin":"true"}', 'POST', '/zwz/login', '管理员', 1, '', 'PC端 | Chrome 116.0.0.0 | Windows Windows 10 or Windows Server 2016'),
	('1699597801224278016', NULL, '2023-09-07 09:37:47.505000', 0, NULL, '2023-09-07 09:37:47.505000', 37, '127.0.0.1', '本地测试', '获取当前登录用户', '{}', 'GET', '/zwz/user/info', '管理员', 2, 'USER-02', 'PC端 | Chrome 116.0.0.0 | Windows Windows 10 or Windows Server 2016'),
	('1699597802356740096', NULL, '2023-09-07 09:37:47.773000', 0, NULL, '2023-09-07 09:37:47.773000', 48, '127.0.0.1', '本地测试', '查询菜单', '{}', 'GET', '/zwz/permission/getMenuList', '管理员', 2, 'PERMISSION-02', 'PC端 | Chrome 116.0.0.0 | Windows Windows 10 or Windows Server 2016'),
	('1699597805422776320', NULL, '2023-09-07 09:37:48.500000', 0, NULL, '2023-09-07 09:37:48.500000', 39, '127.0.0.1', '本地测试', '查询菜单', '{}', 'GET', '/zwz/permission/getMenuList', '管理员', 2, 'PERMISSION-02', 'PC端 | Chrome 116.0.0.0 | Windows Windows 10 or Windows Server 2016'),
	('1699597805817040896', NULL, '2023-09-07 09:37:48.598000', 0, NULL, '2023-09-07 09:37:48.598000', 57, '127.0.0.1', '本地测试', '查询个人门户菜单B', '{}', 'POST', '/zwz/myDoor/getMyDoorList6', '管理员', 2, 'MY-DOOR-02', 'PC端 | Chrome 116.0.0.0 | Windows Windows 10 or Windows Server 2016'),
	('1699597812876054528', NULL, '2023-09-07 09:37:50.291000', 0, NULL, '2023-09-07 09:37:50.291000', 42, '127.0.0.1', '本地测试', '查询单个数据字典的值', '{}', 'GET', '/zwz/dictData/getByType/spot_type_status', '管理员', 2, 'DICT_DATA-01', 'PC端 | Chrome 116.0.0.0 | Windows Windows 10 or Windows Server 2016'),
	('1699597818777440256', NULL, '2023-09-07 09:37:51.689000', 0, NULL, '2023-09-07 09:37:51.689000', 45, '127.0.0.1', '本地测试', '查询单个数据字典的值', '{}', 'GET', '/zwz/dictData/getByType/spot_type_status', '管理员', 2, 'DICT_DATA-01', 'PC端 | Chrome 116.0.0.0 | Windows Windows 10 or Windows Server 2016'),
	('1699597826486571008', NULL, '2023-09-07 09:37:53.526000', 0, NULL, '2023-09-07 09:37:53.526000', 37, '127.0.0.1', '本地测试', '查询单个数据字典的值', '{}', 'GET', '/zwz/dictData/getByType/spot_type_status', '管理员', 2, 'DICT_DATA-01', 'PC端 | Chrome 116.0.0.0 | Windows Windows 10 or Windows Server 2016'),
	('1699597836087332864', NULL, '2023-09-07 09:37:55.813000', 0, NULL, '2023-09-07 09:37:55.813000', 37, '127.0.0.1', '本地测试', '查询单个数据字典的值', '{}', 'GET', '/zwz/dictData/getByType/spot_star', '管理员', 2, 'DICT_DATA-01', 'PC端 | Chrome 116.0.0.0 | Windows Windows 10 or Windows Server 2016'),
	('1699597930060713984', NULL, '2023-09-07 09:38:18.260000', 0, NULL, '2023-09-07 09:38:18.260000', 77, '127.0.0.1', '本地测试', '查询单个数据字典的值', '{}', 'GET', '/zwz/dictData/getByType/spot_type_status', '管理员', 2, 'DICT_DATA-01', 'PC端 | Chrome 116.0.0.0 | Windows Windows 10 or Windows Server 2016'),
	('1699597934808666112', NULL, '2023-09-07 09:38:19.349000', 0, NULL, '2023-09-07 09:38:19.349000', 32, '127.0.0.1', '本地测试', '查询单个数据字典的值', '{}', 'GET', '/zwz/dictData/getByType/spot_type_status', '管理员', 2, 'DICT_DATA-01', 'PC端 | Chrome 116.0.0.0 | Windows Windows 10 or Windows Server 2016'),
	('1699598023501418496', NULL, '2023-09-07 09:38:40.533000', 0, NULL, '2023-09-07 09:38:40.533000', 71, '127.0.0.1', '本地测试', '查询单个数据字典的值', '{}', 'GET', '/zwz/dictData/getByType/spot_type_status', '管理员', 2, 'DICT_DATA-01', 'PC端 | Chrome 116.0.0.0 | Windows Windows 10 or Windows Server 2016'),
	('1699598048717574144', NULL, '2023-09-07 09:38:46.549000', 0, NULL, '2023-09-07 09:38:46.549000', 75, '127.0.0.1', '本地测试', '查询所有数据字典', '{}', 'GET', '/zwz/dict/getAll', '管理员', 2, 'DICT-01', 'PC端 | Chrome 116.0.0.0 | Windows Windows 10 or Windows Server 2016'),
	('1699598050034585600', NULL, '2023-09-07 09:38:46.822000', 0, NULL, '2023-09-07 09:38:46.822000', 46, '127.0.0.1', '本地测试', '查询数据字典值', '{"name":"","status":"","pageNumber":"1","pageSize":"10","sort":"sortOrder","order":"asc"}', 'GET', '/zwz/dictData/getByCondition', '管理员', 2, 'DICT_DATA-02', 'PC端 | Chrome 116.0.0.0 | Windows Windows 10 or Windows Server 2016'),
	('1699598063867400192', NULL, '2023-09-07 09:38:50.137000', 0, NULL, '2023-09-07 09:38:50.137000', 52, '127.0.0.1', '本地测试', '查询数据字典值', '{"name":"","status":"","pageNumber":"1","pageSize":"10","sort":"sortOrder","order":"asc","dictId":"1613723471819444224"}', 'GET', '/zwz/dictData/getByCondition', '管理员', 2, 'DICT_DATA-02', 'PC端 | Chrome 116.0.0.0 | Windows Windows 10 or Windows Server 2016'),
	('1699598068153978880', NULL, '2023-09-07 09:38:51.143000', 0, NULL, '2023-09-07 09:38:51.143000', 34, '127.0.0.1', '本地测试', '查询数据字典值', '{"name":"","status":"","pageNumber":"1","pageSize":"10","sort":"sortOrder","order":"asc","dictId":"1613454220495818752"}', 'GET', '/zwz/dictData/getByCondition', '管理员', 2, 'DICT_DATA-02', 'PC端 | Chrome 116.0.0.0 | Windows Windows 10 or Windows Server 2016'),
	('1699598097262448640', NULL, '2023-09-07 09:38:58.135000', 0, NULL, '2023-09-07 09:38:58.135000', 90, '127.0.0.1', '本地测试', '添加数据字典值', '{"title":"正常","value":"正常","status":"0","description":"","sortOrder":"1","dictId":"1613454220495818752"}', 'POST', '/zwz/dictData/add', '管理员', 2, 'DICT_DATA-04', 'PC端 | Chrome 116.0.0.0 | Windows Windows 10 or Windows Server 2016'),
	('1699598098386522112', NULL, '2023-09-07 09:38:58.354000', 0, NULL, '2023-09-07 09:38:58.354000', 42, '127.0.0.1', '本地测试', '查询数据字典值', '{"name":"","status":"","pageNumber":"1","pageSize":"10","sort":"sortOrder","order":"asc","dictId":"1613454220495818752"}', 'GET', '/zwz/dictData/getByCondition', '管理员', 2, 'DICT_DATA-02', 'PC端 | Chrome 116.0.0.0 | Windows Windows 10 or Windows Server 2016'),
	('1699598114891108352', NULL, '2023-09-07 09:39:02.290000', 0, NULL, '2023-09-07 09:39:02.290000', 39, '127.0.0.1', '本地测试', '添加数据字典值', '{"title":"封存","value":"封存","status":"0","description":"","sortOrder":"2","dictId":"1613454220495818752"}', 'POST', '/zwz/dictData/add', '管理员', 2, 'DICT_DATA-04', 'PC端 | Chrome 116.0.0.0 | Windows Windows 10 or Windows Server 2016'),
	('1699598116476555264', NULL, '2023-09-07 09:39:02.668000', 0, NULL, '2023-09-07 09:39:02.668000', 40, '127.0.0.1', '本地测试', '查询数据字典值', '{"name":"","status":"","pageNumber":"1","pageSize":"10","sort":"sortOrder","order":"asc","dictId":"1613454220495818752"}', 'GET', '/zwz/dictData/getByCondition', '管理员', 2, 'DICT_DATA-02', 'PC端 | Chrome 116.0.0.0 | Windows Windows 10 or Windows Server 2016'),
	('1699598124596727808', NULL, '2023-09-07 09:39:04.603000', 0, NULL, '2023-09-07 09:39:04.603000', 39, '127.0.0.1', '本地测试', '查询单个数据字典的值', '{}', 'GET', '/zwz/dictData/getByType/spot_type_status', '管理员', 2, 'DICT_DATA-01', 'PC端 | Chrome 116.0.0.0 | Windows Windows 10 or Windows Server 2016'),
	('1699598128728117248', NULL, '2023-09-07 09:39:05.590000', 0, NULL, '2023-09-07 09:39:05.590000', 41, '127.0.0.1', '本地测试', '查询单个数据字典的值', '{}', 'GET', '/zwz/dictData/getByType/spot_type_status', '管理员', 2, 'DICT_DATA-01', 'PC端 | Chrome 116.0.0.0 | Windows Windows 10 or Windows Server 2016'),
	('1699598140254064640', NULL, '2023-09-07 09:39:08.339000', 0, NULL, '2023-09-07 09:39:08.339000', 45, '127.0.0.1', '本地测试', '查询个人门户菜单B', '{}', 'POST', '/zwz/myDoor/getMyDoorList6', '管理员', 2, 'MY-DOOR-02', 'PC端 | Chrome 116.0.0.0 | Windows Windows 10 or Windows Server 2016'),
	('1699598174404087808', NULL, '2023-09-07 09:39:16.522000', 0, NULL, '2023-09-07 09:39:16.522000', 84, '127.0.0.1', '本地测试', '登录系统', '{"username":"admin","password":"","code":"8767","captchaId":"cc8c8c05956848c2af330112f58ee199","saveLogin":"true"}', 'POST', '/zwz/login', '管理员', 1, '', 'PC端 | Chrome 116.0.0.0 | Windows Windows 10 or Windows Server 2016'),
	('1699598174521528320', NULL, '2023-09-07 09:39:16.557000', 0, NULL, '2023-09-07 09:39:16.557000', 100, '127.0.0.1', '本地测试', '获取当前登录用户', '{}', 'GET', '/zwz/user/info', '管理员', 2, 'USER-02', 'PC端 | Chrome 116.0.0.0 | Windows Windows 10 or Windows Server 2016'),
	('1699598175062593536', NULL, '2023-09-07 09:39:16.640000', 0, NULL, '2023-09-07 09:39:16.640000', 47, '127.0.0.1', '本地测试', '查询菜单', '{}', 'GET', '/zwz/permission/getMenuList', '管理员', 2, 'PERMISSION-02', 'PC端 | Chrome 116.0.0.0 | Windows Windows 10 or Windows Server 2016'),
	('1699598175687544832', NULL, '2023-09-07 09:39:16.791000', 0, NULL, '2023-09-07 09:39:16.791000', 61, '127.0.0.1', '本地测试', '查询个人门户菜单B', '{}', 'POST', '/zwz/myDoor/getMyDoorList6', '管理员', 2, 'MY-DOOR-02', 'PC端 | Chrome 116.0.0.0 | Windows Windows 10 or Windows Server 2016'),
	('1699598182230659072', NULL, '2023-09-07 09:39:18.351000', 0, NULL, '2023-09-07 09:39:18.351000', 49, '127.0.0.1', '本地测试', '查询单个数据字典的值', '{}', 'GET', '/zwz/dictData/getByType/spot_type_status', '管理员', 2, 'DICT_DATA-01', 'PC端 | Chrome 116.0.0.0 | Windows Windows 10 or Windows Server 2016'),
	('1699598186122973184', NULL, '2023-09-07 09:39:19.282000', 0, NULL, '2023-09-07 09:39:19.282000', 51, '127.0.0.1', '本地测试', '查询单个数据字典的值', '{}', 'GET', '/zwz/dictData/getByType/spot_type_status', '管理员', 2, 'DICT_DATA-01', 'PC端 | Chrome 116.0.0.0 | Windows Windows 10 or Windows Server 2016'),
	('1699598194821959680', NULL, '2023-09-07 09:39:21.374000', 0, NULL, '2023-09-07 09:39:21.374000', 68, '127.0.0.1', '本地测试', '查询单个数据字典的值', '{}', 'GET', '/zwz/dictData/getByType/spot_type_status', '管理员', 2, 'DICT_DATA-01', 'PC端 | Chrome 116.0.0.0 | Windows Windows 10 or Windows Server 2016'),
	('1699598201130192896', NULL, '2023-09-07 09:39:22.854000', 0, NULL, '2023-09-07 09:39:22.854000', 45, '127.0.0.1', '本地测试', '查询单个数据字典的值', '{}', 'GET', '/zwz/dictData/getByType/spot_star', '管理员', 2, 'DICT_DATA-01', 'PC端 | Chrome 116.0.0.0 | Windows Windows 10 or Windows Server 2016'),
	('1699598318851723264', NULL, '2023-09-07 09:39:50.972000', 0, NULL, '2023-09-07 09:39:50.972000', 95, '127.0.0.1', '本地测试', '查询单个数据字典的值', '{}', 'GET', '/zwz/dictData/getByType/out_way', '管理员', 2, 'DICT_DATA-01', 'PC端 | Chrome 116.0.0.0 | Windows Windows 10 or Windows Server 2016'),
	('1699598344042713089', NULL, '2023-09-07 09:39:56.969000', 0, NULL, '2023-09-07 09:39:56.969000', 82, '127.0.0.1', '本地测试', '查询单个数据字典的值', '{}', 'GET', '/zwz/dictData/getByType/food_type', '管理员', 2, 'DICT_DATA-01', 'PC端 | Chrome 116.0.0.0 | Windows Windows 10 or Windows Server 2016'),
	('1699598377601339392', NULL, '2023-09-07 09:40:04.967000', 0, NULL, '2023-09-07 09:40:04.967000', 91, '127.0.0.1', '本地测试', '查询个人门户菜单B', '{}', 'POST', '/zwz/myDoor/getMyDoorList6', '管理员', 2, 'MY-DOOR-02', 'PC端 | Chrome 116.0.0.0 | Windows Windows 10 or Windows Server 2016'),
	('1699598384496775170', NULL, '2023-09-07 09:40:06.590000', 0, NULL, '2023-09-07 09:40:06.590000', 60, '127.0.0.1', '本地测试', '查询全部角色', '{}', 'GET', '/zwz/role/getAllList', '管理员', 2, 'ROLE-01', 'PC端 | Chrome 116.0.0.0 | Windows Windows 10 or Windows Server 2016'),
	('1699598384505163776', NULL, '2023-09-07 09:40:06.573000', 0, NULL, '2023-09-07 09:40:06.573000', 41, '127.0.0.1', '本地测试', '查询单个数据字典的值', '{}', 'GET', '/zwz/dictData/getByType/sex', '管理员', 2, 'DICT_DATA-01', 'PC端 | Chrome 116.0.0.0 | Windows Windows 10 or Windows Server 2016'),
	('1699598384568078336', NULL, '2023-09-07 09:40:06.623000', 0, NULL, '2023-09-07 09:40:06.623000', 90, '127.0.0.1', '本地测试', '查询子部门', '{}', 'GET', '/zwz/department/getByParentId', '管理员', 2, 'DEP-01', 'PC端 | Chrome 116.0.0.0 | Windows Windows 10 or Windows Server 2016'),
	('1699598384651964416', NULL, '2023-09-07 09:40:06.607000', 0, NULL, '2023-09-07 09:40:06.607000', 68, '127.0.0.1', '本地测试', '查询用户', '{"nickname":"","departmentId":"","pageNumber":"1","pageSize":"20","sort":"createTime","order":"desc"}', 'GET', '/zwz/user/getUserList', '管理员', 2, 'USER-07', 'PC端 | Chrome 116.0.0.0 | Windows Windows 10 or Windows Server 2016'),
	('1699598386266771459', NULL, '2023-09-07 09:40:06.987000', 0, NULL, '2023-09-07 09:40:06.987000', 36, '127.0.0.1', '本地测试', '查询子部门', '{}', 'GET', '/zwz/department/getByParentId', '管理员', 2, 'DEP-01', 'PC端 | Chrome 116.0.0.0 | Windows Windows 10 or Windows Server 2016'),
	('1699598418080567296', NULL, '2023-09-07 09:40:14.627000', 0, NULL, '2023-09-07 09:40:14.627000', 89, '127.0.0.1', '本地测试', '登录系统', '{"username":"13600000003","password":"","code":"2804","captchaId":"8b43f875e4fa459e91d621af2b4abfc2","saveLogin":"true"}', 'POST', '/zwz/login', '用户C', 1, '', 'PC端 | Chrome 116.0.0.0 | Windows Windows 10 or Windows Server 2016'),
	('1699598418139287552', NULL, '2023-09-07 09:40:14.631000', 0, NULL, '2023-09-07 09:40:14.631000', 79, '127.0.0.1', '本地测试', '获取当前登录用户', '{}', 'GET', '/zwz/user/info', '用户C', 2, 'USER-02', 'PC端 | Chrome 116.0.0.0 | Windows Windows 10 or Windows Server 2016'),
	('1699598418701324288', NULL, '2023-09-07 09:40:14.727000', 0, NULL, '2023-09-07 09:40:14.727000', 78, '127.0.0.1', '本地测试', '查询菜单', '{}', 'GET', '/zwz/permission/getMenuList', '用户C', 2, 'PERMISSION-02', 'PC端 | Chrome 116.0.0.0 | Windows Windows 10 or Windows Server 2016'),
	('1699598422706884608', NULL, '2023-09-07 09:40:15.680000', 0, NULL, '2023-09-07 09:40:15.680000', 41, '127.0.0.1', '本地测试', '查询菜单', '{}', 'GET', '/zwz/permission/getMenuList', '用户C', 2, 'PERMISSION-02', 'PC端 | Chrome 116.0.0.0 | Windows Windows 10 or Windows Server 2016'),
	('1699598423239561216', NULL, '2023-09-07 09:40:15.811000', 0, NULL, '2023-09-07 09:40:15.811000', 51, '127.0.0.1', '本地测试', '查询个人门户菜单B', '{}', 'POST', '/zwz/myDoor/getMyDoorList6', '用户C', 2, 'MY-DOOR-02', 'PC端 | Chrome 116.0.0.0 | Windows Windows 10 or Windows Server 2016'),
	('1699598429136752640', NULL, '2023-09-07 09:40:17.214000', 0, NULL, '2023-09-07 09:40:17.214000', 46, '127.0.0.1', '本地测试', '查询单个数据字典的值', '{}', 'GET', '/zwz/dictData/getByType/spot_star', '用户C', 2, 'DICT_DATA-01', 'PC端 | Chrome 116.0.0.0 | Windows Windows 10 or Windows Server 2016'),
	('1699598439765118976', NULL, '2023-09-07 09:40:19.754000', 0, NULL, '2023-09-07 09:40:19.754000', 47, '127.0.0.1', '本地测试', '查询单个数据字典的值', '{}', 'GET', '/zwz/dictData/getByType/spot_star', '用户C', 2, 'DICT_DATA-01', 'PC端 | Chrome 116.0.0.0 | Windows Windows 10 or Windows Server 2016'),
	('1699598468043116544', NULL, '2023-09-07 09:40:26.539000', 0, NULL, '2023-09-07 09:40:26.539000', 92, '127.0.0.1', '本地测试', '查询单个数据字典的值', '{}', 'GET', '/zwz/dictData/getByType/out_way', '用户C', 2, 'DICT_DATA-01', 'PC端 | Chrome 116.0.0.0 | Windows Windows 10 or Windows Server 2016'),
	('1699598493322186752', NULL, '2023-09-07 09:40:32.552000', 0, NULL, '2023-09-07 09:40:32.552000', 82, '127.0.0.1', '本地测试', '查询个人门户菜单B', '{}', 'POST', '/zwz/myDoor/getMyDoorList6', '用户C', 2, 'MY-DOOR-02', 'PC端 | Chrome 116.0.0.0 | Windows Windows 10 or Windows Server 2016'),
	('1699598501572382720', NULL, '2023-09-07 09:40:34.485000', 0, NULL, '2023-09-07 09:40:34.485000', 44, '127.0.0.1', '本地测试', '查询单个数据字典的值', '{}', 'GET', '/zwz/dictData/getByType/sex', '用户C', 2, 'DICT_DATA-01', 'PC端 | Chrome 116.0.0.0 | Windows Windows 10 or Windows Server 2016');

DROP TABLE IF EXISTS `a_permission`;
CREATE TABLE IF NOT EXISTS `a_permission` (
  `id` varchar(255) NOT NULL,
  `create_by` varchar(255) DEFAULT NULL,
  `create_time` datetime(6) DEFAULT NULL,
  `del_flag` int NOT NULL,
  `update_by` varchar(255) DEFAULT NULL,
  `update_time` datetime(6) DEFAULT NULL,
  `description` varchar(255) DEFAULT NULL,
  `name` varchar(255) DEFAULT NULL,
  `parent_id` varchar(255) DEFAULT NULL,
  `type` int DEFAULT NULL,
  `sort_order` decimal(10,2) DEFAULT NULL,
  `component` varchar(255) DEFAULT NULL,
  `path` varchar(255) DEFAULT NULL,
  `title` varchar(255) DEFAULT NULL,
  `icon` varchar(255) DEFAULT NULL,
  `level` int unsigned DEFAULT NULL,
  `button_type` varchar(255) DEFAULT NULL,
  `status` int DEFAULT NULL,
  `show_always` bit(1) DEFAULT NULL,
  PRIMARY KEY (`id`)
) ENGINE=InnoDB DEFAULT CHARSET=utf8mb3;

DELETE FROM `a_permission`;
INSERT INTO `a_permission` (`id`, `create_by`, `create_time`, `del_flag`, `update_by`, `update_time`, `description`, `name`, `parent_id`, `type`, `sort_order`, `component`, `path`, `title`, `icon`, `level`, `button_type`, `status`, `show_always`) VALUES
	('125909152017944576', 'admin', '2022-03-20 09:46:20.000000', 0, 'admin', '2023-09-07 09:08:57.529000', '', 'zwz', '0', -1, 1.00, '', '', '厦门旅游电子商务预订系统', 'md-home', 0, '', 0, b'1'),
	('1464484663442673664', 'admin', '2022-03-20 09:46:20.000000', 0, 'admin', '2022-03-20 09:46:20.000000', '', 'userTwoMenu', '125909152017944576', 0, 1.00, 'Main', '/baseMenu', '系统基础模块', 'md-analytics', 1, '', 0, b'1'),
	('1530689602321518592', 'admin', '2022-05-29 07:16:55.000000', 0, NULL, NULL, '', 'dict', '1464484663442673664', 0, 7.00, 'dict/dict/index', 'dict', '数据字典', 'ios-apps', 2, '', 0, b'1'),
	('1535166438371889152', 'admin', '2022-06-10 15:46:16.000000', 0, NULL, NULL, '', 'vue', '1464484663442673664', 0, 8.00, 'code/vue/index', 'vue', '测试菜单', 'md-bug', 2, '', 0, b'1'),
	('1536599942410407936', 'admin', '2022-06-14 14:42:30.000000', 0, NULL, NULL, '', 'demo', '0', -1, 2.00, '', '', '样例演示', 'md-bulb', 0, NULL, 0, NULL),
	('1536600125332393984', 'admin', '2022-06-14 14:43:13.000000', 0, 'admin', '2022-06-14 15:10:31.000000', '', 'tableDemo', '1536599942410407936', 0, 1.00, 'Main', '/tableDemo', '二次开发样例', 'ios-apps', 1, '', 0, NULL),
	('1536600268379131904', 'admin', '2022-06-14 14:43:47.000000', 0, NULL, NULL, '', 'demo1', '1536600125332393984', 0, 1.00, 'demo/demo1/index', 'demo1', '代码生成样例', 'md-finger-print', 2, '', 0, NULL),
	('1536604417711804416', 'admin', '2022-06-14 15:00:17.000000', 0, 'admin', '2022-06-14 15:31:57.000000', '', 'demo2', '1536600125332393984', 0, 2.00, 'demo/demo2/index', 'demo2', '复杂表格样例', 'md-archive', 2, '', 0, NULL),
	('1536606273959759872', 'admin', '2022-06-14 15:07:39.000000', 0, 'admin', '2022-06-14 15:10:23.000000', '', 'antv', '1536599942410407936', 0, 2.00, 'Main', '/antv', '图表展示', 'ios-pulse', 1, '', 0, NULL),
	('1536606372668510208', 'admin', '2022-06-14 15:08:03.000000', 0, NULL, NULL, '', 'antv1', '1536606273959759872', 0, 1.00, 'demo/antv1/index', 'antv1', '条形图', 'md-pricetags', 2, '', 0, NULL),
	('1536606464712511488', 'admin', '2022-06-14 15:08:25.000000', 0, NULL, NULL, '', 'antv2', '1536606273959759872', 0, 2.00, 'demo/antv2/index', 'antv2', '饼图', 'md-radio-button-off', 2, '', 0, NULL),
	('1536606550951596032', 'admin', '2022-06-14 15:08:45.000000', 0, NULL, NULL, '', 'antv3', '1536606273959759872', 0, 3.00, 'demo/antv3/index', 'antv3', '折线图', 'ios-nutrition', 2, '', 0, NULL),
	('1536606637815631872', 'admin', '2022-06-14 15:09:06.000000', 0, NULL, NULL, '', 'antv4', '1536606273959759872', 0, 4.00, 'demo/antv4/index', 'antv4', '柱状图', 'ios-phone-portrait', 2, '', 0, NULL),
	('1536875505901506560', 'admin', '2022-06-15 08:57:29.000000', 0, 'admin', '2022-06-15 09:01:01.000000', '', 'antvActive', '1536606273959759872', 0, 5.00, 'demo/antvActive/index', 'antvActive', '动态图表样例', 'ios-apps', 2, '', 0, NULL),
	('1613453248897880064', 'admin', '2023-01-12 16:30:06.000000', 0, NULL, NULL, NULL, 'spotMenu', '125909152017944576', 0, 8.00, 'Main', '/spotMenu', '景点数据', 'ios-apps', 1, '', 0, NULL),
	('1613453326115016704', 'admin', '2023-01-12 16:30:24.000000', 0, NULL, NULL, NULL, 'scenicSpotType', '1613453248897880064', 0, 1.00, 'spot/scenicSpotType/index', 'scenicSpotType', '景点类型', 'md-aperture', 2, '', 0, NULL),
	('1613453414614831104', 'admin', '2023-01-12 16:30:45.000000', 0, NULL, NULL, NULL, 'scenicSpot', '1613453248897880064', 0, 2.00, 'spot/scenicSpot/index', 'scenicSpot', '景点', 'md-aperture', 2, '', 0, NULL),
	('1613453528385327104', 'admin', '2023-01-12 16:31:12.000000', 0, 'admin', '2023-02-07 09:56:01.000000', '', 'elseMenu', '125909152017944576', 0, 9.00, 'Main', '/elseMenu', '旅游攻略', 'ios-apps', 1, '', 0, NULL),
	('1613453626955665408', 'admin', '2023-01-12 16:31:36.000000', 0, 'admin', '2023-02-20 13:28:43.000000', '', 'trip', '1613453528385327104', 0, 1.00, 'spot/trip/index', 'trip', '酒店管理', 'md-aperture', 2, '', 0, NULL),
	('1613453725798633472', 'admin', '2023-01-12 16:31:59.000000', 0, 'admin', '2023-02-20 13:29:23.000000', '', 'deliciousFood', '1613453528385327104', 0, 2.00, 'spot/deliciousFood/index', 'deliciousFood', '餐饮管理', 'md-aperture', 2, '', 0, NULL),
	('1613453827414036480', 'admin', '2023-01-12 16:32:24.000000', 0, NULL, NULL, NULL, 'starMenu', '125909152017944576', 0, 10.00, 'Main', '/starMenu', '评分收藏', 'ios-apps', 1, '', 0, NULL),
	('1613453915876102144', 'admin', '2023-01-12 16:32:45.000000', 0, 'admin', '2023-02-20 13:29:43.000000', '', 'evaluate', '1613453827414036480', 0, 1.00, 'spot/evaluate/index', 'evaluate', '景点留言', 'md-aperture', 2, '', 0, NULL),
	('1613454009883037696', 'admin', '2023-01-12 16:33:07.000000', 0, NULL, NULL, NULL, 'collection', '1613453827414036480', 0, 2.00, 'spot/collection/index', 'collection', '景点收藏', 'md-aperture', 2, '', 0, NULL),
	('1613743852521394176', 'admin', '2023-01-13 11:44:51.000000', 0, NULL, NULL, NULL, '', '1613453414614831104', 1, 1.00, '', '无', '添加景点', '', 3, 'add', 0, NULL),
	('1613743892446973952', 'admin', '2023-01-13 11:45:01.000000', 0, NULL, NULL, NULL, '', '1613453414614831104', 1, 2.00, '', '无', '编辑景点', '', 3, 'edit', 0, NULL),
	('1613743923535155200', 'admin', '2023-01-13 11:45:08.000000', 0, NULL, NULL, NULL, '', '1613453414614831104', 1, 3.00, '', '无', '删除景点', '', 3, 'delete', 0, NULL),
	('1613743970440056832', 'admin', '2023-01-13 11:45:19.000000', 0, 'admin', '2023-02-20 13:28:48.000000', '', '', '1613453626955665408', 1, 1.00, '', '无', '新增酒店', '', 3, 'add', 0, NULL),
	('1613744003046576128', 'admin', '2023-01-13 11:45:27.000000', 0, 'admin', '2023-02-20 13:28:52.000000', '', '', '1613453626955665408', 1, 2.00, '', '无', '编辑酒店', '', 3, 'edit', 0, NULL),
	('1613744038496833536', 'admin', '2023-01-13 11:45:35.000000', 0, 'admin', '2023-02-20 13:28:56.000000', '', '', '1613453626955665408', 1, 3.00, '', '无', '删除酒店', '', 3, 'delete', 0, NULL),
	('1613744087406612480', 'admin', '2023-01-13 11:45:47.000000', 0, 'admin', '2023-02-20 13:29:27.000000', '', '', '1613453725798633472', 1, 1.00, '', '无', '新增餐饮', '', 3, 'add', 0, NULL),
	('1613744119610478592', 'admin', '2023-01-13 11:45:55.000000', 0, 'admin', '2023-02-20 13:29:31.000000', '', '', '1613453725798633472', 1, 2.00, '', '无', '编辑餐饮', '', 3, 'edit', 0, NULL),
	('1613744150182760448', 'admin', '2023-01-13 11:46:02.000000', 0, 'admin', '2023-02-20 13:29:35.000000', '', '', '1613453725798633472', 1, 3.00, '', '无', '删除餐饮', '', 3, 'delete', 0, NULL),
	('1613763619357593600', 'admin', '2023-01-13 13:03:24.000000', 0, 'admin', '2023-01-13 13:06:19.000000', '', 'scenicSpotRank1', '1613453248897880064', 0, 3.00, 'spot/scenicSpot/rank1', 'scenicSpotRank1', '景点收藏排名', 'md-aperture', 2, '', 0, NULL),
	('1613764221353463808', 'admin', '2023-01-13 13:05:47.000000', 0, NULL, NULL, NULL, 'scenicSpotRank2', '1613453248897880064', 0, 4.00, 'spot/scenicSpot/rank2', 'scenicSpotRank2', '景点评分排名', 'md-aperture', 2, '', 0, NULL),
	('1663723467998105600', 'admin', '2023-05-31 09:45:59.918000', 0, NULL, NULL, NULL, '', '5129710648430593', 1, 1.00, '', '无', '添加用户', '', 3, 'add', 0, NULL),
	('1663723511849553920', 'admin', '2023-05-31 09:46:10.372000', 0, NULL, NULL, NULL, '', '5129710648430593', 1, 2.00, '', '无', '编辑用户', '', 3, 'edit', 0, NULL),
	('1663723538621796352', 'admin', '2023-05-31 09:46:16.757000', 0, NULL, NULL, NULL, '', '5129710648430593', 1, 3.00, '', '无', '删除用户', '', 3, 'delete', 0, NULL),
	('1663724125664972800', 'admin', '2023-05-31 09:48:36.719000', 0, NULL, NULL, NULL, '', '40238597734928384', 1, 1.00, '', '无', '添加部门', '', 3, 'add', 0, NULL),
	('1663724149731889152', 'admin', '2023-05-31 09:48:42.455000', 0, NULL, NULL, NULL, '', '40238597734928384', 1, 2.00, '', '无', '编辑部门', '', 3, 'edit', 0, NULL),
	('1663724174398590976', 'admin', '2023-05-31 09:48:48.335000', 0, NULL, NULL, NULL, '', '40238597734928384', 1, 3.00, '', '无', '删除部门', '', 3, 'delete', 0, NULL),
	('1663724230593875968', 'admin', '2023-05-31 09:49:01.733000', 0, NULL, NULL, NULL, '', '5129710648430594', 1, 1.00, '', '无', '添加角色', '', 3, 'add', 0, NULL),
	('1663724255319298048', 'admin', '2023-05-31 09:49:07.632000', 0, NULL, NULL, NULL, '', '5129710648430594', 1, 2.00, '', '无', '编辑角色', '', 3, 'edit', 0, NULL),
	('1663724279579152384', 'admin', '2023-05-31 09:49:13.414000', 0, NULL, NULL, NULL, '', '5129710648430594', 1, 3.00, '', '无', '删除角色', '', 3, 'delete', 0, NULL),
	('1663724334755221504', 'admin', '2023-05-31 09:49:26.569000', 0, NULL, NULL, NULL, '', '5129710648430594', 1, 4.00, '', '无', '分配角色权限', '', 3, 'enable', 0, NULL),
	('1663724386382909440', 'admin', '2023-05-31 09:49:38.875000', 0, NULL, NULL, NULL, '', '5129710648430595', 1, 1.00, '', '无', '添加菜单', '', 3, 'add', 0, NULL),
	('1663724413914320896', 'admin', '2023-05-31 09:49:45.442000', 0, NULL, NULL, NULL, '', '5129710648430595', 1, 2.00, '', '无', '编辑菜单', '', 3, 'edit', 0, NULL),
	('1663724441433149440', 'admin', '2023-05-31 09:49:52.003000', 0, NULL, NULL, NULL, '', '5129710648430595', 1, 3.00, '', '无', '删除菜单', '', 3, 'delete', 0, NULL),
	('1663724628767543296', 'admin', '2023-05-31 09:50:36.667000', 0, NULL, NULL, NULL, '', '56309618086776832', 1, 1.00, '', '无', '上传文件', '', 3, 'add', 0, NULL),
	('1663724665174102016', 'admin', '2023-05-31 09:50:45.348000', 0, NULL, NULL, NULL, '', '56309618086776832', 1, 2.00, '', '无', '删除文件', '', 3, 'delete', 0, NULL),
	('1663724779984785408', 'admin', '2023-05-31 09:51:12.719000', 0, NULL, NULL, NULL, '', '1530689602321518592', 1, 1.00, '', '无', '添加数据字典', '', 3, 'add', 0, NULL),
	('1663724805096083456', 'admin', '2023-05-31 09:51:18.707000', 0, NULL, NULL, NULL, '', '1530689602321518592', 1, 2.00, '', '无', '编辑数据字典', '', 3, 'edit', 0, NULL),
	('1663724828114423808', 'admin', '2023-05-31 09:51:24.196000', 0, NULL, NULL, NULL, '', '1530689602321518592', 1, 3.00, '', '无', '删除数据字典', '', 3, 'delete', 0, NULL),
	('1663726175089987584', 'admin', '2023-05-31 09:56:45.338000', 0, NULL, NULL, NULL, '', '56309618086776832', 1, 3.00, '', '无', '文件存储配置', '', 3, 'enable', 0, NULL),
	('40238597734928384', '', '2022-03-20 09:46:20.000000', 0, 'admin', '2022-03-20 09:46:20.000000', '', 'department-admin', '1464484663442673664', 0, 2.00, 'roster/department/department', 'dep', '部门管理', 'md-git-branch', 2, '', 0, b'1'),
	('41363147411427328', '', '2022-03-20 09:46:20.000000', 0, 'admin', '2022-05-21 14:15:44.000000', '', 'log-manage', '1464484663442673664', 0, 6.00, 'log/log/index', 'log', '日志管理', 'md-list-box', 2, '', 0, b'1'),
	('5129710648430593', '', '2022-03-20 09:46:20.000000', 0, 'admin', '2022-03-20 09:46:20.000000', '', 'user-admin', '1464484663442673664', 0, 1.00, 'roster/user/user', 'user', '用户管理', 'md-person', 2, '', 0, b'1'),
	('5129710648430594', '', '2022-03-20 09:46:20.000000', 0, 'admin', '2022-06-14 11:23:18.000000', '', 'role-manage', '1464484663442673664', 0, 3.00, 'role/role/index', 'role', '角色管理', 'md-contacts', 2, '', 0, b'1'),
	('5129710648430595', '', '2022-03-20 09:46:20.000000', 0, 'admin', '2022-06-14 11:23:13.000000', '', 'menu-manage', '1464484663442673664', 0, 4.00, 'menu/menu/index', 'menu', '菜单管理', 'md-menu', 2, '', 0, b'1'),
	('56309618086776832', '', '2022-03-20 09:46:20.000000', 0, 'admin', '2022-05-29 07:18:02.000000', '', 'file-admin', '1464484663442673664', 0, 5.00, 'file/file/index', 'file', '文件管理', 'ios-folder', 2, '', 0, b'1');

DROP TABLE IF EXISTS `a_role`;
CREATE TABLE IF NOT EXISTS `a_role` (
  `id` varchar(255) NOT NULL,
  `create_by` varchar(255) DEFAULT NULL,
  `create_time` datetime(6) DEFAULT NULL,
  `update_by` varchar(255) DEFAULT NULL,
  `update_time` datetime(6) DEFAULT NULL,
  `name` varchar(255) DEFAULT NULL,
  `del_flag` int NOT NULL,
  `default_role` bit(1) DEFAULT NULL,
  `description` varchar(255) DEFAULT NULL,
  `data_type` int NOT NULL,
  PRIMARY KEY (`id`)
) ENGINE=InnoDB DEFAULT CHARSET=utf8mb3;

DELETE FROM `a_role`;
INSERT INTO `a_role` (`id`, `create_by`, `create_time`, `update_by`, `update_time`, `name`, `del_flag`, `default_role`, `description`, `data_type`) VALUES
	('1536606659751841795', '', '2022-03-20 09:46:20.000000', 'admin', '2023-09-07 09:22:01.612000', 'ROLE_USER', 0, b'1', '游客', 0),
	('1536606659751841799', '', '2022-03-20 09:46:20.000000', 'admin', '2022-03-20 09:46:20.000000', 'ROLE_ADMIN', 0, b'0', '超级管理员', 0);

DROP TABLE IF EXISTS `a_role_permission`;
CREATE TABLE IF NOT EXISTS `a_role_permission` (
  `id` varchar(255) NOT NULL,
  `create_by` varchar(255) DEFAULT NULL,
  `create_time` datetime(6) DEFAULT NULL,
  `del_flag` int NOT NULL,
  `update_by` varchar(255) DEFAULT NULL,
  `update_time` datetime(6) DEFAULT NULL,
  `permission_id` varchar(255) DEFAULT NULL,
  `role_id` varchar(255) DEFAULT NULL,
  PRIMARY KEY (`id`)
) ENGINE=InnoDB DEFAULT CHARSET=utf8mb3;

DELETE FROM `a_role_permission`;
INSERT INTO `a_role_permission` (`id`, `create_by`, `create_time`, `del_flag`, `update_by`, `update_time`, `permission_id`, `role_id`) VALUES
	('1464514325862551552', 'admin', '2022-03-20 09:46:20.000000', 0, 'admin', '2022-03-20 09:46:20.000000', '125909152017944576', '1536606659751841799'),
	('1464514325862551553', 'admin', '2022-03-20 09:46:20.000000', 0, 'admin', '2022-03-20 09:46:20.000000', '1464484663442673664', '1536606659751841799'),
	('1464514325862551554', 'admin', '2022-03-20 09:46:20.000000', 0, 'admin', '2022-03-20 09:46:20.000000', '5129710648430593', '1536606659751841799'),
	('1464514325862551564', 'admin', '2022-03-20 09:46:20.000000', 0, 'admin', '2022-03-20 09:46:20.000000', '40238597734928384', '1536606659751841799'),
	('1464514325862551569', 'admin', '2022-03-20 09:46:20.000000', 0, 'admin', '2022-03-20 09:46:20.000000', '56309618086776832', '1536606659751841799'),
	('1464514325862551584', 'admin', '2022-03-20 09:46:20.000000', 0, 'admin', '2022-03-20 09:46:20.000000', '5129710648430594', '1536606659751841799'),
	('1464514325862551590', 'admin', '2022-03-20 09:46:20.000000', 0, 'admin', '2022-03-20 09:46:20.000000', '5129710648430595', '1536606659751841799'),
	('1464514325862551595', 'admin', '2022-03-20 09:46:20.000000', 0, 'admin', '2022-03-20 09:46:20.000000', '41363147411427328', '1536606659751841799'),
	('1530689747004035072', 'admin', '2022-05-29 07:17:29.000000', 0, NULL, NULL, '1530689602321518592', '1536606659751841799'),
	('1535166468684124160', 'admin', '2022-06-10 15:46:23.000000', 0, NULL, NULL, '1535166438371889152', '1536606659751841799'),
	('1536600292156641281', 'admin', '2022-06-14 14:43:53.000000', 0, NULL, NULL, '1536599942410407936', '1536606659751841799'),
	('1536600292173418496', 'admin', '2022-06-14 14:43:53.000000', 0, NULL, NULL, '1536600125332393984', '1536606659751841799'),
	('1536600292186001408', 'admin', '2022-06-14 14:43:53.000000', 0, NULL, NULL, '1536600268379131904', '1536606659751841799'),
	('1536604439178252292', 'admin', '2022-06-14 15:00:22.000000', 0, NULL, NULL, '1536604417711804416', '1536606659751841799'),
	('1536606659718287364', 'admin', '2022-06-14 15:09:11.000000', 0, NULL, NULL, '1536606273959759872', '1536606659751841799'),
	('1536606659730870272', 'admin', '2022-06-14 15:09:11.000000', 0, NULL, NULL, '1536606372668510208', '1536606659751841799'),
	('1536606659735064576', 'admin', '2022-06-14 15:09:11.000000', 0, NULL, NULL, '1536606464712511488', '1536606659751841799'),
	('1536606659743453184', 'admin', '2022-06-14 15:09:11.000000', 0, NULL, NULL, '1536606550951596032', '1536606659751841799'),
	('1536606659751841792', 'admin', '2022-06-14 15:09:11.000000', 0, NULL, NULL, '1536606637815631872', '1536606659751841799'),
	('1536875525769924610', 'admin', '2022-06-15 08:57:34.000000', 0, NULL, NULL, '1536875505901506560', '1536606659751841799'),
	('1663723894789509121', 'admin', '2023-05-31 09:47:41.676000', 0, NULL, NULL, '1663723467998105600', '1536606659751841799'),
	('1663723894827257856', 'admin', '2023-05-31 09:47:41.681000', 0, NULL, NULL, '1663723511849553920', '1536606659751841799'),
	('1663723894848229376', 'admin', '2023-05-31 09:47:41.686000', 0, NULL, NULL, '1663723538621796352', '1536606659751841799'),
	('1663725019009781777', 'admin', '2023-05-31 09:52:09.706000', 0, NULL, NULL, '1663724125664972800', '1536606659751841799'),
	('1663725019018170368', 'admin', '2023-05-31 09:52:09.707000', 0, NULL, NULL, '1663724149731889152', '1536606659751841799'),
	('1663725019022364672', 'admin', '2023-05-31 09:52:09.709000', 0, NULL, NULL, '1663724174398590976', '1536606659751841799'),
	('1663725019030753280', 'admin', '2023-05-31 09:52:09.710000', 0, NULL, NULL, '1663724230593875968', '1536606659751841799'),
	('1663725019034947584', 'admin', '2023-05-31 09:52:09.712000', 0, NULL, NULL, '1663724255319298048', '1536606659751841799'),
	('1663725019039141888', 'admin', '2023-05-31 09:52:09.713000', 0, NULL, NULL, '1663724279579152384', '1536606659751841799'),
	('1663725019047530496', 'admin', '2023-05-31 09:52:09.714000', 0, NULL, NULL, '1663724334755221504', '1536606659751841799'),
	('1663725019051724800', 'admin', '2023-05-31 09:52:09.716000', 0, NULL, NULL, '1663724386382909440', '1536606659751841799'),
	('1663725019055919104', 'admin', '2023-05-31 09:52:09.717000', 0, NULL, NULL, '1663724413914320896', '1536606659751841799'),
	('1663725019060113408', 'admin', '2023-05-31 09:52:09.718000', 0, NULL, NULL, '1663724441433149440', '1536606659751841799'),
	('1663725019064307712', 'admin', '2023-05-31 09:52:09.719000', 0, NULL, NULL, '1663724628767543296', '1536606659751841799'),
	('1663725019072696320', 'admin', '2023-05-31 09:52:09.720000', 0, NULL, NULL, '1663724665174102016', '1536606659751841799'),
	('1663725019076890624', 'admin', '2023-05-31 09:52:09.721000', 0, NULL, NULL, '1663724779984785408', '1536606659751841799'),
	('1663725019081084928', 'admin', '2023-05-31 09:52:09.723000', 0, NULL, NULL, '1663724805096083456', '1536606659751841799'),
	('1663725019085279232', 'admin', '2023-05-31 09:52:09.724000', 0, NULL, NULL, '1663724828114423808', '1536606659751841799'),
	('1663726203963576322', 'admin', '2023-05-31 09:56:52.221000', 0, NULL, NULL, '1663726175089987584', '1536606659751841799'),
	('1663726279024840704', 'admin', '2023-05-31 09:57:10.117000', 0, NULL, NULL, '125909152017944576', '1536606659751841795'),
	('1699590726444257284', 'admin', '2023-09-07 09:09:40.714000', 0, NULL, NULL, '1613453248897880064', '1536606659751841799'),
	('1699590726469423104', 'admin', '2023-09-07 09:09:40.717000', 0, NULL, NULL, '1613453326115016704', '1536606659751841799'),
	('1699590726482006016', 'admin', '2023-09-07 09:09:40.721000', 0, NULL, NULL, '1613453414614831104', '1536606659751841799'),
	('1699590726494588928', 'admin', '2023-09-07 09:09:40.724000', 0, NULL, NULL, '1613743852521394176', '1536606659751841799'),
	('1699590726507171840', 'admin', '2023-09-07 09:09:40.726000', 0, NULL, NULL, '1613743892446973952', '1536606659751841799'),
	('1699590726515560448', 'admin', '2023-09-07 09:09:40.729000', 0, NULL, NULL, '1613743923535155200', '1536606659751841799'),
	('1699590726528143360', 'admin', '2023-09-07 09:09:40.731000', 0, NULL, NULL, '1613763619357593600', '1536606659751841799'),
	('1699590726540726272', 'admin', '2023-09-07 09:09:40.734000', 0, NULL, NULL, '1613764221353463808', '1536606659751841799'),
	('1699590726549114880', 'admin', '2023-09-07 09:09:40.736000', 0, NULL, NULL, '1613453528385327104', '1536606659751841799'),
	('1699590726557503488', 'admin', '2023-09-07 09:09:40.738000', 0, NULL, NULL, '1613453626955665408', '1536606659751841799'),
	('1699590726565892096', 'admin', '2023-09-07 09:09:40.740000', 0, NULL, NULL, '1613743970440056832', '1536606659751841799'),
	('1699590726570086400', 'admin', '2023-09-07 09:09:40.741000', 0, NULL, NULL, '1613744003046576128', '1536606659751841799'),
	('1699590726578475008', 'admin', '2023-09-07 09:09:40.742000', 0, NULL, NULL, '1613744038496833536', '1536606659751841799'),
	('1699590726582669312', 'admin', '2023-09-07 09:09:40.744000', 0, NULL, NULL, '1613453725798633472', '1536606659751841799'),
	('1699590726586863616', 'admin', '2023-09-07 09:09:40.745000', 0, NULL, NULL, '1613744087406612480', '1536606659751841799'),
	('1699590726595252224', 'admin', '2023-09-07 09:09:40.747000', 0, NULL, NULL, '1613744119610478592', '1536606659751841799'),
	('1699590726599446528', 'admin', '2023-09-07 09:09:40.748000', 0, NULL, NULL, '1613744150182760448', '1536606659751841799'),
	('1699590726603640832', 'admin', '2023-09-07 09:09:40.749000', 0, NULL, NULL, '1613453827414036480', '1536606659751841799'),
	('1699590726612029440', 'admin', '2023-09-07 09:09:40.750000', 0, NULL, NULL, '1613453915876102144', '1536606659751841799'),
	('1699590726616223744', 'admin', '2023-09-07 09:09:40.752000', 0, NULL, NULL, '1613454009883037696', '1536606659751841799'),
	('1699590829225676808', 'admin', '2023-09-07 09:10:05.216000', 0, NULL, NULL, '1613453248897880064', '1536606659751841795'),
	('1699590829234065408', 'admin', '2023-09-07 09:10:05.218000', 0, NULL, NULL, '1613453414614831104', '1536606659751841795'),
	('1699590829242454016', 'admin', '2023-09-07 09:10:05.221000', 0, NULL, NULL, '1613763619357593600', '1536606659751841795'),
	('1699590829255036928', 'admin', '2023-09-07 09:10:05.223000', 0, NULL, NULL, '1613764221353463808', '1536606659751841795'),
	('1699590829263425536', 'admin', '2023-09-07 09:10:05.224000', 0, NULL, NULL, '1613453528385327104', '1536606659751841795'),
	('1699590829267619840', 'admin', '2023-09-07 09:10:05.226000', 0, NULL, NULL, '1613453626955665408', '1536606659751841795'),
	('1699590829276008448', 'admin', '2023-09-07 09:10:05.227000', 0, NULL, NULL, '1613453725798633472', '1536606659751841795'),
	('1699590829280202752', 'admin', '2023-09-07 09:10:05.229000', 0, NULL, NULL, '1613453827414036480', '1536606659751841795'),
	('1699590829284397056', 'admin', '2023-09-07 09:10:05.230000', 0, NULL, NULL, '1613453915876102144', '1536606659751841795'),
	('1699590829292785664', 'admin', '2023-09-07 09:10:05.231000', 0, NULL, NULL, '1613454009883037696', '1536606659751841795');

DROP TABLE IF EXISTS `a_scenic_spot`;
CREATE TABLE IF NOT EXISTS `a_scenic_spot` (
  `id` varchar(255) COLLATE utf8mb3_croatian_ci NOT NULL,
  `create_by` varchar(255) COLLATE utf8mb3_croatian_ci DEFAULT NULL,
  `create_time` datetime(6) DEFAULT NULL,
  `del_flag` int NOT NULL,
  `update_by` varchar(255) COLLATE utf8mb3_croatian_ci DEFAULT NULL,
  `update_time` datetime(6) DEFAULT NULL,
  `address` varchar(255) COLLATE utf8mb3_croatian_ci DEFAULT NULL,
  `content` varchar(255) COLLATE utf8mb3_croatian_ci DEFAULT NULL,
  `image` varchar(255) COLLATE utf8mb3_croatian_ci DEFAULT NULL,
  `open_time` varchar(255) COLLATE utf8mb3_croatian_ci DEFAULT NULL,
  `price` decimal(38,2) DEFAULT NULL,
  `title` varchar(255) COLLATE utf8mb3_croatian_ci DEFAULT NULL,
  `type` varchar(255) COLLATE utf8mb3_croatian_ci DEFAULT NULL,
  `url` varchar(255) COLLATE utf8mb3_croatian_ci DEFAULT NULL,
  PRIMARY KEY (`id`)
) ENGINE=InnoDB DEFAULT CHARSET=utf8mb3 COLLATE=utf8mb3_croatian_ci;

DELETE FROM `a_scenic_spot`;
INSERT INTO `a_scenic_spot` (`id`, `create_by`, `create_time`, `del_flag`, `update_by`, `update_time`, `address`, `content`, `image`, `open_time`, `price`, `title`, `type`, `url`) VALUES
	('1613456814429573120', 'admin', '2023-01-12 16:44:15.000000', 0, 'admin', '2023-05-22 15:50:02.807000', '厦门市思明区鼓浪屿', '日光岩（英文：Sunlight Rock）俗称“岩仔山”，别名“晃岩”，相传1641年，郑成功来到晃岩，看到这里的景色胜过日本的日光山，便把“晃”字拆开，称之为“日光岩”', 'https://asoa-1305425069.cos.ap-shanghai.myqcloud.com/1698867080327204864.png', '2023年6月1日-2023年9月30日（夏令时） 08:00-18:00；2023年10月1日-次年2023年5月31日（冬令时） 08:00-17:30,', 50.00, '日光岩', '四星级景点', 'https://you.ctrip.com/sight/xiamen21/2345.html'),
	('1613456814429573121', 'admin', '2023-01-12 16:44:15.000000', 0, 'admin', '2023-05-22 15:40:48.748000', '厦门市思明区鼓浪屿港仔后路7号', '菽庄花园，位于福建省厦门市思明区鼓浪屿岛南部，建于民国二年（1913年），面向大海，背倚日光岩，原是地方名绅林尔嘉的私人别墅，园主人以他的字“叔臧”的谐音命名花园，1955年，园主亲人将此园献给国家', 'https://asoa-1305425069.cos.ap-shanghai.myqcloud.com/1698867083393241088.png', '08:00-17:30', 30.00, '菽庄花园', '三星级景点', 'https://you.ctrip.com/sight/xiamen21/2346.html#ctm_ref=www_hp_bs_lst'),
	('1613456814429573122', 'admin', '2023-01-12 16:44:15.000000', 0, 'admin', '2023-05-22 15:56:57.477000', '厦门市思明区鼓浪屿', '位于鼓浪屿东部，座落在鼓浪屿东南，濒临鹭江。是一座郑成功纪念园，覆鼎岩海滨，占地二万平方米', 'https://asoa-1305425069.cos.ap-shanghai.myqcloud.com/1698867084538286080.png', '2023年6月1日-2023年9月30日（夏令时） 08:00-18:00,；2023年10月1日-次年2023年5月31日（冬令时） 08:00-17:30,', 10.00, '皓月园', '四星级景点', 'https://www.cncn.com/piao/hainan/'),
	('1613456814429573123', 'admin', '2023-01-12 16:44:15.000000', 0, 'admin', '2023-05-22 15:43:07.197000', '厦门市思明区复兴路', '毓园位于福建省厦门鼓浪屿东南部复兴路，即林巧稚大夫纪念园，为纪念人民医学家林巧稚大夫而建。毓园之"毓"，就是培育养育之意，故得名。毓园建于1984年5月，占地5700平方米', 'https://asoa-1305425069.cos.ap-shanghai.myqcloud.com/1698867085490393088.png', '8:00-17:30', 0.00, '毓园', '四星级景点', '无需门票'),
	('1613456814429573124', 'admin', '2023-01-12 16:44:15.000000', 0, 'admin', '2023-05-22 15:52:37.706000', '厦门市思明区鼓浪屿鼓声路', '鼓浪石是鼓浪屿沿海的一座礁石，相传“鼓浪屿”岛名由来于此，鼓浪屿唐宋时称“圆沙洲”、“圆洲仔”，乃是因为小岛呈椭圆形，四周遍布沙滩，形象而称之。那时岛上巨石满坡，绿草丰茂，却渺无人烟，颇为荒凉。', 'https://asoa-1305425069.cos.ap-shanghai.myqcloud.com/1698867086249562112.png', '具体开放时间请咨询景区', 0.00, '鼓浪石', '三星级景点', '无需门票'),
	('1613456814429573125', 'admin', '2023-01-12 16:44:15.000000', 0, 'admin', '2023-05-22 15:48:19.973000', '厦门市思明区港仔后路7号菽庄花园内', '鼓浪屿钢琴博物馆，分上下两层，两座馆楼，博物馆里陈列了爱国华侨胡友义收藏的40多架古钢琴，其中有稀世名贵的镏金钢琴，有世界最早的四角钢琴和最早最大的立式钢琴，有古老的手摇钢琴、有产自一百年前的脚踏自动演奏钢琴和八个脚踏的古钢琴等', 'https://asoa-1305425069.cos.ap-shanghai.myqcloud.com/1698867087088422912.png', '08:00-17:30', 0.00, '钢琴博物馆', '四星级景点', '无需门票'),
	('1613456814429573126', 'admin', '2023-01-12 16:44:15.000000', 0, 'admin', '2023-05-22 15:44:21.819000', '厦门市思明区永春路73号', '纪念馆建是海内外最大的郑成功文物文献收藏中心和研究基地，犹存寨门、水操台等遗址。 全馆分为七个部分，展出各种文物、资料、照片、雕塑和模型三百余件，比较系统地展示了郑成功的生平事迹', 'https://asoa-1305425069.cos.ap-shanghai.myqcloud.com/1698867087784677376.png', '周二-周日8:30-16:45，16:30停止入场，周一闭馆。', 0.00, '郑成功纪念馆', '四星级景点', '无需门票'),
	('1613456814429573130', 'admin', '2023-01-12 16:44:15.000000', 0, 'admin', '2023-05-22 15:51:33.314000', '厦门市思明区鼓浪屿龙头路2号', '海底世界拥有180度亚克力透明玻璃构成的隧道，长74米，宽3米，高2.4米，储水量4000多吨，其中生活着百余种海洋鱼类。', 'https://asoa-1305425069.cos.ap-shanghai.myqcloud.com/1698867088631926784.png', '08:00-21:00', 107.00, '海底世界', '五星级景点', 'https://you.ctrip.com/sight/xiamen21/8619.html#ctm_ref=www_hp_bs_lst'),
	('1613456814429573131', 'admin', '2023-01-12 16:44:15.000000', 0, 'admin', '2023-05-22 15:45:55.204000', '厦门市思明区大学路', '从厦门大学的白城校门出来，过了桥就是白城沙滩，这里沙子质量不算特别好，不过却挺热闹，很多人在这里游泳，玩耍，自有一份南方城市的闲适。', 'https://asoa-1305425069.cos.ap-shanghai.myqcloud.com/1698867089605005312.png', '全天开放', 0.00, '白城沙滩', '三星级景点', '无需门票'),
	('1613456814429573132', 'admin', '2023-01-12 16:44:15.000000', 0, 'admin', '2023-05-22 15:34:41.081000', '厦门市思明区鼓浪屿福建路38号', '海天堂构位于鼓浪屿福建路38号，始建于1921年，2002年4月被厦门市政府列为重点历史风貌建筑。修复后开放的“海天堂构”老别墅是中西方文化结合的典范之作', 'https://asoa-1305425069.cos.ap-shanghai.myqcloud.com/1698867090607443968.png', '08:30-15:30', 78.00, '海天堂构', '四星级景点', 'https://you.ctrip.com/sight/xiamen21/67695.html#ctm_ref=www_hp_bs_lst'),
	('1660159468106813440', 'admin', '2023-05-21 13:43:56.000000', 0, 'admin', '2023-05-22 15:37:37.154000', '厦门市思明区中山路56号', '中山路全长1198米，宽15米，位于厦门市思明区繁华闹市，一头连着厦庇五洲客的宾馆大厦，一头连着门泊万倾涛的碧波大海，与海上花园“鼓浪屿”遥遥相望。中山路的骑楼街是厦门建筑文化的代表，这些建筑绝大部分是二十年代华侨回乡建造的，在我市的城市总体规划中已被列为旧城保护的重点。', 'https://asoa-1305425069.cos.ap-shanghai.myqcloud.com/1698867091375001600.png', '全年 全天开放', 0.00, '中山路步行街', '其他景点', '无需门票'),
	('1660556083296604160', 'admin', '2023-05-22 15:59:56.602000', 0, NULL, NULL, '厦门市同安区五显镇北辰山景区', '北辰山人文古迹众多，自然景观也很不错，在这里可以了解五代闽王王审知的事迹，还可以看宏伟的王审知雕像。此外，这里有王公庙，可以烧香拜拜。当然，这里有名的景点还是要数十二龙潭瀑布。', 'https://asoa-1305425069.cos.ap-shanghai.myqcloud.com/1698867091903483904.png', '全年 周一-周五 09:30-16:30, 周六-周日 09:00-17:00', 25.00, '北辰山', '五星级景点', 'https://you.ctrip.com/sight/xiamen21/1414346.html#ctm_ref=www_hp_bs_lst'),
	('1660558385797533696', 'admin', '2023-05-22 16:09:05.563000', 0, NULL, NULL, '厦门市同安区石浔南路1111号', '厦门方特梦幻王国是一个以高科技为主的文化科技主题公园。坐落于海滨古城厦门市同安区。它以科幻和互动体验为特色，被誉为“东方梦幻乐园”、“亚洲科幻神奇”。', 'https://asoa-1305425069.cos.ap-shanghai.myqcloud.com/1698867092595544064.png', '10:00-18:00', 299.00, '厦门方特梦幻王国', '五星级景点', 'https://you.ctrip.com/sight/xiamen21/140141.html#ctm_ref=www_hp_bs_lst'),
	('1660559616733483008', 'admin', '2023-05-22 16:13:59.037000', 0, NULL, NULL, '厦门市湖里区五缘湾道', '五缘湾湿地公园占地85公顷，面积相当于半个鼓浪屿，是厦门大的公园，也是大的湿地生态园区，被称为是厦门的城市绿肺。每年的3月，大批的白鹭会在此筑巢，繁殖，也是候鸟南北迁徙的重要驿站。', 'https://asoa-1305425069.cos.ap-shanghai.myqcloud.com/1698867093061111808.png', '全天开放', 0.00, '五缘湾湿地公园', '四星级景点', '无需门票'),
	('1660560645390733312', 'admin', '2023-05-22 16:18:04.000000', 0, 'admin', '2023-05-22 16:20:41.343000', '厦门市海沧区孚莲路1888号', '日月谷温泉算是厦门较为知名的温泉了，来厦门如果想要放松下，必定要考虑下这里。它充满了浓郁的东南亚风情，环境优美，地方大，并且汤池种类齐全，水还很干净。', 'https://asoa-1305425069.cos.ap-shanghai.myqcloud.com/1698867093916749824.png', '10:00-22:00', 188.00, '日月谷温泉', '五星级景点', 'https://you.ctrip.com/sight/xiamen21/48767.html#ctm_ref=www_hp_bs_lst');

DROP TABLE IF EXISTS `a_scenic_spot_type`;
CREATE TABLE IF NOT EXISTS `a_scenic_spot_type` (
  `id` varchar(255) COLLATE utf8mb3_croatian_ci NOT NULL,
  `create_by` varchar(255) COLLATE utf8mb3_croatian_ci DEFAULT NULL,
  `create_time` datetime(6) DEFAULT NULL,
  `del_flag` int NOT NULL,
  `update_by` varchar(255) COLLATE utf8mb3_croatian_ci DEFAULT NULL,
  `update_time` datetime(6) DEFAULT NULL,
  `remark` varchar(255) COLLATE utf8mb3_croatian_ci DEFAULT NULL,
  `sort_order` decimal(38,2) DEFAULT NULL,
  `status` varchar(255) COLLATE utf8mb3_croatian_ci DEFAULT NULL,
  `title` varchar(255) COLLATE utf8mb3_croatian_ci DEFAULT NULL,
  PRIMARY KEY (`id`)
) ENGINE=InnoDB DEFAULT CHARSET=utf8mb3 COLLATE=utf8mb3_croatian_ci;

DELETE FROM `a_scenic_spot_type`;
INSERT INTO `a_scenic_spot_type` (`id`, `create_by`, `create_time`, `del_flag`, `update_by`, `update_time`, `remark`, `sort_order`, `status`, `title`) VALUES
	('1613454792598884352', 'admin', '2023-01-12 16:36:13.798000', 0, NULL, NULL, '', 1.00, '正常', '五星级景点'),
	('1613454854573920256', 'admin', '2023-01-12 16:36:28.575000', 0, NULL, NULL, '', 2.00, '正常', '四星级景点'),
	('1613454871242084352', 'admin', '2023-01-12 16:36:32.542000', 0, NULL, NULL, '', 3.00, '正常', '三星级景点'),
	('1613454889470529536', 'admin', '2023-01-12 16:36:36.000000', 0, 'admin', '2023-05-22 18:25:04.020000', '', 4.00, '正常', '二星级景点'),
	('1613454921062027264', 'admin', '2023-01-12 16:36:44.000000', 0, 'admin', '2023-05-22 20:04:29.051000', '', 5.00, '正常', '一星级景点');

DROP TABLE IF EXISTS `a_setting`;
CREATE TABLE IF NOT EXISTS `a_setting` (
  `id` varchar(255) NOT NULL,
  `create_by` varchar(255) DEFAULT NULL,
  `create_time` datetime(6) DEFAULT NULL,
  `del_flag` int NOT NULL,
  `update_by` varchar(255) DEFAULT NULL,
  `update_time` datetime(6) DEFAULT NULL,
  `value` varchar(255) DEFAULT NULL,
  PRIMARY KEY (`id`)
) ENGINE=InnoDB DEFAULT CHARSET=utf8mb3;

DELETE FROM `a_setting`;
INSERT INTO `a_setting` (`id`, `create_by`, `create_time`, `del_flag`, `update_by`, `update_time`, `value`) VALUES
	('FILE_HTTP', 'admin', '2023-05-16 14:37:41.000000', 0, 'admin', '2022-05-28 15:57:20.000000', 'http://'),
	('FILE_PATH', 'admin', '2023-05-16 14:37:40.000000', 0, 'admin', '2022-05-28 15:57:19.000000', 'C:\\\\oa-file'),
	('FILE_VIEW', 'admin', '2023-05-16 14:37:40.000000', 0, 'admin', '2022-05-28 15:57:20.000000', '127.0.0.1:8080/zwz/file/view');

DROP TABLE IF EXISTS `a_student`;
CREATE TABLE IF NOT EXISTS `a_student` (
  `id` varchar(255) CHARACTER SET utf8mb3 COLLATE utf8mb3_croatian_ci NOT NULL,
  `create_by` varchar(255) CHARACTER SET utf8mb3 COLLATE utf8mb3_croatian_ci DEFAULT NULL,
  `create_time` datetime(6) DEFAULT NULL,
  `del_flag` int NOT NULL,
  `update_by` varchar(255) CHARACTER SET utf8mb3 COLLATE utf8mb3_croatian_ci DEFAULT NULL,
  `update_time` datetime(6) DEFAULT NULL,
  `name` varchar(255) CHARACTER SET utf8mb3 COLLATE utf8mb3_croatian_ci DEFAULT NULL,
  `number` varchar(255) CHARACTER SET utf8mb3 COLLATE utf8mb3_croatian_ci DEFAULT NULL,
  `school` varchar(255) CHARACTER SET utf8mb3 COLLATE utf8mb3_croatian_ci DEFAULT NULL,
  `sex` varchar(255) CHARACTER SET utf8mb3 COLLATE utf8mb3_croatian_ci DEFAULT NULL,
  `age` decimal(38,2) DEFAULT NULL,
  PRIMARY KEY (`id`)
) ENGINE=InnoDB DEFAULT CHARSET=utf8mb3 COLLATE=utf8mb3_croatian_ci;

DELETE FROM `a_student`;
INSERT INTO `a_student` (`id`, `create_by`, `create_time`, `del_flag`, `update_by`, `update_time`, `name`, `number`, `school`, `sex`, `age`) VALUES
	('1536601255475023872', 'admin', '2022-06-14 14:47:42.637000', 0, NULL, NULL, '张三', '001', '北京大学', '男', 18.00),
	('1536601308352614400', 'admin', '2022-06-14 14:47:55.244000', 0, NULL, NULL, '李四', '002', '清华大学', '女', 19.00),
	('1536601388044390400', 'admin', '2022-06-14 14:48:14.243000', 0, NULL, NULL, '王五', '003', '浙江大学', '男', 20.00),
	('1536601469879455744', 'admin', '2022-06-14 14:48:33.753000', 0, NULL, NULL, '赵六', '004', '宁波大学', '保密', 21.00);

DROP TABLE IF EXISTS `a_teacher`;
CREATE TABLE IF NOT EXISTS `a_teacher` (
  `id` varchar(255) CHARACTER SET utf8mb3 COLLATE utf8mb3_croatian_ci NOT NULL,
  `create_by` varchar(255) CHARACTER SET utf8mb3 COLLATE utf8mb3_croatian_ci DEFAULT NULL,
  `create_time` datetime(6) DEFAULT NULL,
  `del_flag` int NOT NULL,
  `update_by` varchar(255) CHARACTER SET utf8mb3 COLLATE utf8mb3_croatian_ci DEFAULT NULL,
  `update_time` datetime(6) DEFAULT NULL,
  `age` decimal(38,2) DEFAULT NULL,
  `autograph` varchar(255) CHARACTER SET utf8mb3 COLLATE utf8mb3_croatian_ci DEFAULT NULL,
  `education` varchar(255) CHARACTER SET utf8mb3 COLLATE utf8mb3_croatian_ci DEFAULT NULL,
  `graduated` varchar(255) CHARACTER SET utf8mb3 COLLATE utf8mb3_croatian_ci DEFAULT NULL,
  `name` varchar(255) CHARACTER SET utf8mb3 COLLATE utf8mb3_croatian_ci DEFAULT NULL,
  `remark` varchar(255) CHARACTER SET utf8mb3 COLLATE utf8mb3_croatian_ci DEFAULT NULL,
  `status` varchar(255) CHARACTER SET utf8mb3 COLLATE utf8mb3_croatian_ci DEFAULT NULL,
  `wages` decimal(38,2) DEFAULT NULL,
  `resume` varchar(255) CHARACTER SET utf8mb3 COLLATE utf8mb3_croatian_ci DEFAULT NULL,
  PRIMARY KEY (`id`)
) ENGINE=InnoDB DEFAULT CHARSET=utf8mb3 COLLATE=utf8mb3_croatian_ci;

DELETE FROM `a_teacher`;
INSERT INTO `a_teacher` (`id`, `create_by`, `create_time`, `del_flag`, `update_by`, `update_time`, `age`, `autograph`, `education`, `graduated`, `name`, `remark`, `status`, `wages`, `resume`) VALUES
	('1536614275123122176', 'admin', '2022-06-14 15:39:26.000000', 0, 'admin', '2023-05-31 10:05:23.579000', 30.00, 'https://asoa-1305425069.cos.ap-shanghai.myqcloud.com/1669635627773202432.png', '博士', '同济大学', '张三', '测试', '在职', 9960.00, 'https://asoa-1305425069.cos.ap-shanghai.myqcloud.com/1669635627773202432.png'),
	('1536614275123122177', 'admin', '2022-06-14 15:39:26.000000', 0, 'admin', '2022-06-14 15:41:09.841000', 30.00, 'https://asoa-1305425069.cos.ap-shanghai.myqcloud.com/1669635627773202432.png', '本科', '同济大学', '李四', '测试', '在职', 7778.00, 'https://asoa-1305425069.cos.ap-shanghai.myqcloud.com/1669635627773202432.png'),
	('1536614275123122178', 'admin', '2022-06-14 15:39:26.000000', 0, 'admin', '2022-06-14 15:41:09.841000', 30.00, 'https://asoa-1305425069.cos.ap-shanghai.myqcloud.com/1669635627773202432.png', '硕士', '同济大学', '王五', '测试', '在职', 8889.00, 'https://asoa-1305425069.cos.ap-shanghai.myqcloud.com/1669635627773202432.png'),
	('1536614275123122179', 'admin', '2022-06-14 15:39:26.000000', 0, 'admin', '2022-06-14 15:41:09.841000', 30.00, 'https://asoa-1305425069.cos.ap-shanghai.myqcloud.com/1669635627773202432.png', '硕士', '同济大学', '赵六', '测试', '在职', 4445.00, 'https://asoa-1305425069.cos.ap-shanghai.myqcloud.com/1669635627773202432.png'),
	('1536614275123122180', 'admin', '2022-06-14 15:39:26.000000', 0, 'admin', '2022-06-14 15:41:09.841000', 30.00, 'https://asoa-1305425069.cos.ap-shanghai.myqcloud.com/1669635627773202432.png', '专科', '同济大学', '郑七', '测试', '在职', 1118.00, 'https://asoa-1305425069.cos.ap-shanghai.myqcloud.com/1669635627773202432.png'),
	('1536614275123122181', 'admin', '2022-06-14 15:39:26.000000', 0, 'admin', '2022-06-14 15:41:09.841000', 30.00, 'https://asoa-1305425069.cos.ap-shanghai.myqcloud.com/1669635627773202432.png', '专科', '同济大学', '龚八', '测试', '在职', 3337.00, 'https://asoa-1305425069.cos.ap-shanghai.myqcloud.com/1669635627773202432.png');

DROP TABLE IF EXISTS `a_trip`;
CREATE TABLE IF NOT EXISTS `a_trip` (
  `id` varchar(255) COLLATE utf8mb3_croatian_ci NOT NULL,
  `create_by` varchar(255) COLLATE utf8mb3_croatian_ci DEFAULT NULL,
  `create_time` datetime(6) DEFAULT NULL,
  `del_flag` int NOT NULL,
  `update_by` varchar(255) COLLATE utf8mb3_croatian_ci DEFAULT NULL,
  `update_time` datetime(6) DEFAULT NULL,
  `content` varchar(255) COLLATE utf8mb3_croatian_ci DEFAULT NULL,
  `end` varchar(255) COLLATE utf8mb3_croatian_ci DEFAULT NULL,
  `image_url` varchar(255) COLLATE utf8mb3_croatian_ci DEFAULT NULL,
  `spot_id` varchar(255) COLLATE utf8mb3_croatian_ci DEFAULT NULL,
  `spot_name` varchar(255) COLLATE utf8mb3_croatian_ci DEFAULT NULL,
  `start` varchar(255) COLLATE utf8mb3_croatian_ci DEFAULT NULL,
  `title` varchar(255) COLLATE utf8mb3_croatian_ci DEFAULT NULL,
  `way` varchar(255) COLLATE utf8mb3_croatian_ci DEFAULT NULL,
  PRIMARY KEY (`id`)
) ENGINE=InnoDB DEFAULT CHARSET=utf8mb3 COLLATE=utf8mb3_croatian_ci;

DELETE FROM `a_trip`;
INSERT INTO `a_trip` (`id`, `create_by`, `create_time`, `del_flag`, `update_by`, `update_time`, `content`, `end`, `image_url`, `spot_id`, `spot_name`, `start`, `title`, `way`) VALUES
	('1613708628185976836', 'admin', '2023-01-13 09:24:52.000000', 0, 'admin', '2023-05-21 16:37:30.710000', '酒店位于鹭江道，俯瞰历史悠久的鼓浪屿及周边海景，毗邻百年中山路商业区，便捷到达厦门岛内各主要观光景点，地理位置得天独厚。\n酒店地处厦门市商业中心，与鼓浪屿遥海相望，秀色一览无遗。\n酒店距商业区、观光景点、购物区与娱乐区均十分便利，距厦门国际会议展览中心约30分钟车程；同时位于地铁起点/终点站镇海路站附近，步行约3分钟即可到达。\n酒店畅享46平方米及以上的宽敞客房空间的同时，您可以放松身心，欣赏鼓浪屿上的绝妙景色。', '1???', 'https://asoa-1305425069.cos.ap-shanghai.myqcloud.com/1698867080327204864.png', '1613456814429573120', '中山路步行街', '7??', '厦门瑞颐大酒店', '自助早餐'),
	('1613708628185976847', 'admin', '2023-01-13 09:24:52.000000', 0, 'admin', '2023-05-21 16:38:35.736000', '民宿位于海上花园鼓浪屿内厝澳路，紧邻厦门市艺术学校。\n海滨浴场、日光岩、钢琴博物馆等著名游览点近在咫尺，地理位置十分优越。\n民宿是花园别墅式庭院，内部设施齐全，欢迎来鼓浪屿放松心情，感受别样的鼓浪屿情怀，欢迎来鼓浪屿ONE SMALL红堡民宿，尽情享受鼓浪屿的人文景观和品味鼓浪屿悠久的历史建筑。', '1???', 'https://asoa-1305425069.cos.ap-shanghai.myqcloud.com/1698867083393241088.png', '1613456814429573121', '中山路步行街', '3??', '鼓浪屿ONE SMALL红堡民宿', '不含早餐'),
	('1660168130753859584', 'admin', '2023-05-21 14:18:21.000000', 0, 'admin', '2023-05-21 16:42:40.147000', '鼓浪屿元气民宿位于鼓浪屿景区内，这座岛屿已被列入世界遗产名录。\n净白的墙面，趣味的“大笑脸”外墙造型，满满的正能量，因此取名【元气】。\n走进元气通高的大堂犹如美术馆一般神圣庄严，大大区别于传统民宿狭窄密闭的氛围，让人不自主的沉下心，感受设计的魅力（设计的每个小细节都等待你惊喜发现哟~~），和爱你的人，和你爱的人，一起享受旅程该有的静谧和安逸，读书写字看报，观影休闲娱乐，过一个美好的假期吧。', '5??', 'https://asoa-1305425069.cos.ap-shanghai.myqcloud.com/1698867084538286080.png', '1613456814429573122', '鼓浪屿钢琴博物馆', '2??', '鼓浪屿元气民宿', '不含早餐'),
	('1660169125223337984', 'admin', '2023-05-21 14:22:18.000000', 0, 'admin', '2023-05-21 16:41:39.912000', '厦门栖隐度假民宿位于厦门市思明区曾厝垵西里73号，厦大学生公寓旁，邻近西宅水库、厦门园林植物园、厦门大学高尔夫练习场、白鹭园高尔夫俱乐部等地，距离厦门站约11公里；距离厦门高崎国际机场约19.4公里，地理位置优越，环境优雅。', '9??', 'https://asoa-1305425069.cos.ap-shanghai.myqcloud.com/1698867085490393088.png', '1613456814429573123', '海天堂构', '3??', '厦门栖隐度假民宿', '不含早餐'),
	('1660173269015334912', 'admin', '2023-05-21 14:38:46.000000', 0, 'admin', '2023-05-21 16:45:06.344000', '喜林阁旅馆(鼓浪屿世界文化遗产店)位于鼓浪屿岛上，前身为英国伦敦差会（姑娘楼）建于1842年，拥有百年历史文化的英式建筑，富有异国风情。\n旅馆离日光岩西林门约5米之遥，紧临郑成功纪念馆、琴园，离菽庄花园、海边约3分钟路程。\n旅馆提供不同主题的客房和250多平的院子以及一个美丽的英式回廊，同时还有书房等公共配套。\n全旅馆提供无线网络。', '1???', 'https://asoa-1305425069.cos.ap-shanghai.myqcloud.com/1698867086249562112.png', '1613456814429573124', '郑成功纪念馆', '4??', '喜林阁旅馆(鼓浪屿世界文化遗产店)', '两份早餐'),
	('1660203848054214656', 'admin', '2023-05-21 16:40:17.222000', 0, NULL, NULL, '六月的海风吹过老厦门南洋风骑楼，从熙攘大道走入僻静街巷，转角就是满眼烟火气的升平路。\n厦门MisooHi·觅海民宿，就藏在这条闹中取静的街道上。\n民宿是由独栋老建筑改造而来，历经数月工程，褪去陈旧外表，由内而外焕发新生，成为了旅客们的新家。\n设计师以包豪斯风格和美学空间为灵感，在保留空间与色彩纯粹性的同时，把握每一处细节的美感，打造出这一处兼具空间意境、生活质感和人文温度的民宿建筑。', '1???', 'https://asoa-1305425069.cos.ap-shanghai.myqcloud.com/1698867087088422912.png', '1613456814429573125', '钢琴博物馆', '7??', '厦门MisooHi觅海民宿(中山路步行街轮渡码头店)', '两份早餐');

DROP TABLE IF EXISTS `a_user`;
CREATE TABLE IF NOT EXISTS `a_user` (
  `id` varchar(255) NOT NULL,
  `create_by` varchar(255) DEFAULT NULL,
  `create_time` datetime(6) DEFAULT NULL,
  `update_by` varchar(255) DEFAULT NULL,
  `update_time` datetime(6) DEFAULT NULL,
  `address` varchar(255) DEFAULT NULL,
  `avatar` varchar(255) DEFAULT NULL,
  `description` varchar(255) DEFAULT NULL,
  `email` varchar(255) DEFAULT NULL,
  `mobile` varchar(255) DEFAULT NULL,
  `nickname` varchar(20) NOT NULL,
  `password` varchar(255) DEFAULT NULL,
  `sex` varchar(255) DEFAULT NULL,
  `status` int DEFAULT NULL,
  `type` int DEFAULT NULL,
  `username` varchar(255) DEFAULT NULL,
  `del_flag` int NOT NULL,
  `department_id` varchar(255) DEFAULT NULL,
  `street` varchar(255) DEFAULT NULL,
  `pass_strength` varchar(2) DEFAULT NULL,
  `department_title` varchar(255) DEFAULT NULL,
  `birth` datetime(6) DEFAULT NULL,
  `my_door` varchar(255) DEFAULT NULL,
  PRIMARY KEY (`id`),
  UNIQUE KEY `username` (`username`) USING BTREE,
  UNIQUE KEY `email` (`email`) USING BTREE,
  UNIQUE KEY `mobile` (`mobile`) USING BTREE,
  KEY `create_time` (`create_time`) USING BTREE
) ENGINE=InnoDB DEFAULT CHARSET=utf8mb3;

DELETE FROM `a_user`;
INSERT INTO `a_user` (`id`, `create_by`, `create_time`, `update_by`, `update_time`, `address`, `avatar`, `description`, `email`, `mobile`, `nickname`, `password`, `sex`, `status`, `type`, `username`, `del_flag`, `department_id`, `street`, `pass_strength`, `department_title`, `birth`, `my_door`) VALUES
	('1464764315201572864', '', '2022-03-20 09:46:20.000000', 'admin', '2023-05-31 10:01:43.495000', '["330000","330600","330602"]', 'https://asoa-1305425069.cos.ap-shanghai.myqcloud.com/1669635627773202432.png', '浙江大学', '916077357@qq.com', '17857054388', '管理员', '$2a$10$PS04ecXfknNd3V8d.ymLTObQciapMU4xU8.GADBZZsuTZr7ymnagy', '男', 0, 1, 'admin', 0, '1464487288363945985', '', '弱', '部门A', '2023-05-16 14:36:38.000000', 'user-adminZWZ666department-adminZWZ666file-adminZWZ666role-manageZWZ666menu-manageZWZ666log-manage'),
	('1464764315201572865', '', '2022-03-20 09:46:20.000000', 'admin', '2022-05-21 09:11:48.000000', '["110000","110100","110105"]', 'https://asoa-1305425069.cos.ap-shanghai.myqcloud.com/1669635627773202432.png', '浙江大学', '13600000001@qq.com', '13600000001', '用户A', '$2a$10$E59nactOiILAzQvfcs0JFOYuZp06d4bLhugEadyQuygpmiLc0W.ha', '女', 0, 0, '13600000001', 0, '1464487288363945985', '', '弱', '部门A', '2023-05-16 14:35:43.000000', ''),
	('1464772465946398721', '', '2022-03-20 09:46:20.000000', 'admin', '2022-05-21 09:53:33.000000', '["110000","110100","110105"]', 'https://asoa-1305425069.cos.ap-shanghai.myqcloud.com/1669635627773202432.png', '浙江大学', '13600000002@qq.com', '13600000002', '用户B', '$2a$10$vJyLo1RhFORH/SAu3sc9aeb37I5JRy5UugaN7fIt/e2vvsz6JWJCm', '女', 0, 0, '13600000002', 0, '1464487288363945985', '', '弱', '部门A', '2023-05-16 14:35:44.000000', ''),
	('1527830053524738048', 'admin', '2022-05-21 09:54:05.000000', NULL, NULL, '["110000","110100","110106"]', 'https://asoa-1305425069.cos.ap-shanghai.myqcloud.com/1669635627773202432.png', '浙江大学', '13600000003@qq.com', '13600000003', '用户C', '$2a$10$oeP4aplYnswfQ44pK6lAO.Np9BuPYJGRwo17THO7CUNlIQoVGsPmy', '男', 0, 0, '13600000003', 0, '1464487288363945985', '', '弱', '部门A', '2023-05-16 14:35:44.000000', '');

DROP TABLE IF EXISTS `a_user_role`;
CREATE TABLE IF NOT EXISTS `a_user_role` (
  `id` varchar(255) NOT NULL,
  `create_by` varchar(255) DEFAULT NULL,
  `create_time` datetime(6) DEFAULT NULL,
  `del_flag` int NOT NULL,
  `update_by` varchar(255) DEFAULT NULL,
  `update_time` datetime(6) DEFAULT NULL,
  `role_id` varchar(255) DEFAULT NULL,
  `user_id` varchar(255) DEFAULT NULL,
  PRIMARY KEY (`id`)
) ENGINE=InnoDB DEFAULT CHARSET=utf8mb3;

DELETE FROM `a_user_role`;
INSERT INTO `a_user_role` (`id`, `create_by`, `create_time`, `del_flag`, `update_by`, `update_time`, `role_id`, `user_id`) VALUES
	('1464487931975700480', 'admin', '2022-03-20 09:46:20.000000', 0, 'admin', '2022-03-20 09:46:20.000000', '1536606659751841799', '1464764315201572864'),
	('1486220872917323776', 'admin', '2022-03-20 09:46:20.000000', 0, 'admin', '2022-03-20 09:46:20.000000', '1536606659751841795', '1464764315201572865'),
	('1526802492967489537', NULL, '2022-05-18 13:50:56.000000', 0, NULL, NULL, '1536606659751841795', '1526802492443201536'),
	('1526819095553642497', NULL, '2022-05-18 14:56:54.000000', 0, NULL, NULL, '1536606659751841795', '1526819095159377920'),
	('1527829917801254912', 'admin', '2022-05-21 09:53:33.000000', 0, NULL, NULL, '1536606659751841795', '1464772465946398721'),
	('1527830053889642496', 'admin', '2022-05-21 09:54:05.000000', 0, NULL, NULL, '1536606659751841795', '1527830053524738048');

/*!40103 SET TIME_ZONE=IFNULL(@OLD_TIME_ZONE, 'system') */;
/*!40101 SET SQL_MODE=IFNULL(@OLD_SQL_MODE, '') */;
/*!40014 SET FOREIGN_KEY_CHECKS=IFNULL(@OLD_FOREIGN_KEY_CHECKS, 1) */;
/*!40101 SET CHARACTER_SET_CLIENT=@OLD_CHARACTER_SET_CLIENT */;
/*!40111 SET SQL_NOTES=IFNULL(@OLD_SQL_NOTES, 1) */;
